Experiment,DateTime,Hs,D50,h,Λ,λ,λp,reset2
WQS1409,2014-09-03T02:00:00.0,0.8,0.00066,8.56759846,28.295472010746227,0.451831498,0.398562824,false
WQS1409,2014-09-03T03:00:00.0,0.8,0.00066,8.56759846,28.295472010746227,0.449625023,0.398562824,false
WQS1409,2014-09-03T04:00:00.0,0.71,0.00066,8.56759846,22.28710537596433,0.447975733,0.398562824,false
WQS1409,2014-09-03T05:00:00.0,0.77,0.00066,8.56759846,26.213102117455367,0.448855272,0.398562824,false
WQS1409,2014-09-03T06:00:00.0,0.75,0.00066,8.56759846,24.869067196944922,0.446675922,0.398562824,false
WQS1409,2014-09-03T07:00:00.0,0.74,0.00066,8.56759846,24.210313239194736,0.44344064,0.398562824,false
WQS1409,2014-09-03T08:00:00.0,0.85,0.00066,8.56759846,31.942935199631474,0.44396863,0.398562824,false
WQS1409,2014-09-03T09:00:00.0,0.87,0.00066,8.56759846,33.46381682020909,0.445121936,0.398562824,false
WQS1409,2014-09-03T10:00:00.0,0.95,0.00066,8.56759846,39.90103670265385,0.442836151,0.398562824,false
WQS1409,2014-09-03T11:00:00.0,0.92,0.00066,8.56759846,37.42076173421188,0.440838113,0.398562824,false
WQS1409,2014-09-03T12:00:00.0,0.87,0.00066,8.56759846,33.46381682020909,0.440429451,0.398562824,false
WQS1409,2014-09-03T13:00:00.0,0.88,0.00066,8.56759846,34.23752113300293,0.43552436,0.398562824,false
WQS1409,2014-09-03T14:00:00.0,0.81,0.00066,8.56759846,29.007279978516564,0.430221102,0.398562824,false
WQS1409,2014-09-03T15:00:00.0,0.81,0.00066,8.56759846,29.007279978516564,0.428650365,0.398562824,false
WQS1409,2014-09-03T16:00:00.0,0.78,0.00066,8.56759846,26.89838308021563,0.422954525,0.398562824,false
WQS1409,2014-09-03T17:00:00.0,0.73,0.00066,8.56759846,23.560401616447905,0.421715749,0.398562824,false
WQS1409,2014-09-03T18:00:00.0,0.89,0.00066,8.56759846,35.02006778080013,0.420209472,0.398562824,false
WQS1409,2014-09-03T19:00:00.0,0.79,0.00066,8.56759846,27.59250637797925,0.415353168,0.398562824,false
WQS1409,2014-09-03T20:00:00.0,0.76,0.00066,8.56759846,25.536663489698466,0.409777091,0.398562824,false
WQS1409,2014-09-03T21:00:00.0,0.72,0.00066,8.56759846,22.91933232870444,0.407340575,0.398562824,false
WQS1409,2014-09-03T22:00:00.0,0.6,0.00066,8.56759846,15.91620300604475,0.406115457,0.398562824,false
WQS1409,2014-09-03T23:00:00.0,0.65,0.00066,8.56759846,18.679432694594187,0.401862096,0.398562824,false
WQS1409,2014-09-04T00:00:00.0,0.54,0.00066,8.56759846,12.892124434896248,0.402134162,0.398562824,false
WQS1409,2014-09-04T01:00:00.0,0.56,0.00066,8.56759846,13.86478128526565,0.399798671,0.398562824,false
WQS1409,2014-09-04T02:00:00.0,0.62,0.00066,8.56759846,16.99496787645445,0.402903417,0.398562824,false
WQS1409,2014-09-04T03:00:00.0,0.52,0.00066,8.56759846,11.954836924540281,0.402454826,0.398562824,false
WQS1409,2014-09-04T04:00:00.0,0.52,0.00066,8.56759846,11.954836924540281,0.402491783,0.398562824,false
WQS1409,2014-09-04T05:00:00.0,0.63,0.00066,8.56759846,17.54761381416434,0.402565159,0.398562824,false
WQS1409,2014-09-04T06:00:00.0,0.56,0.00066,8.56759846,13.86478128526565,0.401725195,0.398562824,false
WQS1409,2014-09-04T07:00:00.0,0.58,0.00066,8.56759846,14.872807475648482,0.398588894,0.398562824,false
WQS1409,2014-09-04T08:00:00.0,0.58,0.00066,8.56759846,14.872807475648482,0.397080556,0.398562824,false
WQS1409,2014-09-04T09:00:00.0,0.59,0.00066,8.56759846,15.390084073344935,0.400824647,0.398562824,false
WQS1409,2014-09-04T10:00:00.0,0.46,0.00066,8.56759846,9.35519043355297,0.399146362,0.398562824,false
WQS1409,2014-09-04T11:00:00.0,0.57,0.00066,8.56759846,14.364373212955385,0.399727075,0.398562824,false
WQS1409,2014-09-04T12:00:00.0,0.47,0.00066,8.56759846,9.766359011209126,0.400467755,0.398562824,false
WQS1409,2014-09-04T13:00:00.0,0.5,0.00066,8.56759846,11.052918754197743,0.40116474,0.398562824,false
WQS1409,2014-09-04T14:00:00.0,0.55,0.00066,8.56759846,13.37403169257927,0.402596746,0.398562824,false
WQS1409,2014-09-04T15:00:00.0,0.45,0.00066,8.56759846,8.952864190900172,0.400658948,0.398562824,false
WQS1409,2014-09-04T16:00:00.0,0.45,0.00066,8.56759846,8.952864190900172,0.398700441,0.398562824,false
WQS1409,2014-09-04T17:00:00.0,0.55,0.00066,8.56759846,13.37403169257927,0.395119949,0.398562824,false
WQS1409,2014-09-04T18:00:00.0,0.5,0.00066,8.56759846,11.052918754197743,0.392566248,0.398562824,false
WQS1409,2014-09-04T19:00:00.0,0.54,0.00066,8.56759846,12.892124434896248,0.392378092,0.398562824,false
WQS1409,2014-09-04T20:00:00.0,0.51,0.00066,8.56759846,11.499456671867332,0.394813337,0.398562824,false
WQS1409,2014-09-04T21:00:00.0,0.53,0.00066,8.56759846,12.419059512216586,0.397346693,0.398562824,false
WQS1409,2014-09-04T22:00:00.0,0.55,0.00066,8.56759846,13.37403169257927,0.398835907,0.398562824,false
WQS1409,2014-09-04T23:00:00.0,0.64,0.00066,8.56759846,18.109102086877584,0.398436454,0.398562824,false
WQS1409,2014-09-05T00:00:00.0,0.67,0.00066,8.56759846,19.84662091503747,0.402342625,0.398562824,false
WQS1409,2014-09-05T01:00:00.0,0.51,0.00066,8.56759846,11.499456671867332,0.401040836,0.398562824,false
WQS1409,2014-09-05T02:00:00.0,0.59,0.00066,8.56759846,15.390084073344935,0.400395324,0.398562824,false
WQS1409,2014-09-05T03:00:00.0,0.47,0.00066,8.56759846,9.766359011209126,0.396619672,0.398562824,false
WQS1409,2014-09-05T04:00:00.0,0.52,0.00066,8.56759846,11.954836924540281,0.396491665,0.398562824,false
WQS1409,2014-09-05T05:00:00.0,0.45,0.00066,8.56759846,8.952864190900172,0.397291436,0.398562824,false
WQS1409,2014-09-05T06:00:00.0,0.53,0.00066,8.56759846,12.419059512216586,0.397510363,0.398562824,false
WQS1409,2014-09-05T07:00:00.0,0.4,0.00066,8.56759846,7.073868002686557,0.399876511,0.398562824,false
WQS1409,2014-09-05T08:00:00.0,0.49,0.00066,8.56759846,10.615223171531511,0.398174451,0.398562824,false
WQS1409,2014-09-05T09:00:00.0,0.53,0.00066,8.56759846,12.419059512216586,0.398562824,0.398562824,false
WQS1409,2014-09-05T10:00:00.0,0.52,0.00066,8.56759846,11.954836924540281,0.39438692,0.398562824,false
WQS1409,2014-09-05T11:00:00.0,0.42,0.00066,8.56759846,7.798939472961926,0.398305617,0.398562824,false
WQS1409,2014-09-05T12:00:00.0,0.52,0.00066,8.56759846,11.954836924540281,0.395009466,0.398562824,false
WQS1409,2014-09-05T13:00:00.0,0.44,0.00066,8.56759846,8.559380283250732,0.394356413,0.398562824,false
WQS1409,2014-09-05T14:00:00.0,0.47,0.00066,8.56759846,9.766359011209126,0.39091732,0.398562824,false
WQS1409,2014-09-05T15:00:00.0,0.52,0.00066,8.56759846,11.954836924540281,0.395424347,0.398562824,false
WQS1409,2014-09-05T16:00:00.0,0.52,0.00066,8.56759846,11.954836924540281,0.393599676,0.398562824,false
WQS1409,2014-09-05T17:00:00.0,0.39,0.00066,8.56759846,6.724595770053908,0.391160498,0.398562824,false
WQS1409,2014-09-05T18:00:00.0,0.52,0.00066,8.56759846,11.954836924540281,0.39401038,0.398562824,false
WQS1409,2014-09-05T19:00:00.0,0.46,0.00066,8.56759846,9.35519043355297,0.389283059,0.398562824,false
WQS1409,2014-09-05T20:00:00.0,0.56,0.00066,8.56759846,13.86478128526565,0.389336909,0.398562824,false
WQS1409,2014-09-05T21:00:00.0,0.58,0.00066,8.56759846,14.872807475648482,0.388715195,0.398562824,false
WQS1409,2014-09-05T22:00:00.0,0.51,0.00066,8.56759846,11.499456671867332,0.393671832,0.398562824,false
WQS1409,2014-09-05T23:00:00.0,0.48,0.00066,8.56759846,10.18636992386864,0.389520144,0.398562824,false
WQS1409,2014-09-06T00:00:00.0,0.55,0.00066,8.56759846,13.37403169257927,0.392507386,0.398562824,false
WQS1409,2014-09-06T01:00:00.0,0.53,0.00066,8.56759846,12.419059512216586,0.395946096,0.398562824,false
WQS1409,2014-09-06T02:00:00.0,0.51,0.00066,8.56759846,11.499456671867332,0.388810463,0.398562824,false
WQS1409,2014-09-06T03:00:00.0,0.55,0.00066,8.56759846,13.37403169257927,0.394220674,0.398562824,false
WQS1409,2014-09-06T04:00:00.0,0.6,0.00066,8.56759846,15.91620300604475,0.39559808,0.398562824,false
WQS1409,2014-09-06T05:00:00.0,0.63,0.00066,8.56759846,17.54761381416434,0.391890804,0.398562824,false
WQS1409,2014-09-06T06:00:00.0,0.53,0.00066,8.56759846,12.419059512216586,0.394570916,0.398562824,false
WQS1409,2014-09-06T07:00:00.0,0.68,0.00066,8.56759846,20.44347852776415,0.397710908,0.398562824,false
WQS1409,2014-09-06T08:00:00.0,0.62,0.00066,8.56759846,16.99496787645445,0.396705374,0.398562824,false
WQS1409,2014-09-06T09:00:00.0,0.63,0.00066,8.56759846,17.54761381416434,0.40234871,0.398562824,false
WQS1409,2014-09-06T10:00:00.0,0.68,0.00066,8.56759846,20.44347852776415,0.404369797,0.398562824,false
WQS1409,2014-09-06T11:00:00.0,0.65,0.00066,8.56759846,18.679432694594187,0.401102556,0.398562824,false
WQS1409,2014-09-06T12:00:00.0,0.58,0.00066,8.56759846,14.872807475648482,0.406610055,0.398562824,false
WQS1409,2014-09-06T13:00:00.0,0.62,0.00066,8.56759846,16.99496787645445,0.403778237,0.398562824,false
WQS1409,2014-09-06T14:00:00.0,0.59,0.00066,8.56759846,15.390084073344935,0.402370494,0.398562824,false
WQS1409,2014-09-06T15:00:00.0,0.67,0.00066,8.56759846,19.84662091503747,0.399096305,0.398562824,false
WQS1409,2014-09-06T16:00:00.0,0.67,0.00066,8.56759846,19.84662091503747,0.400733119,0.398562824,false
WQS1409,2014-09-06T17:00:00.0,0.64,0.00066,8.56759846,18.109102086877584,0.397639668,0.398562824,false
WQS1409,2014-09-06T18:00:00.0,0.75,0.00066,8.56759846,24.869067196944922,0.405942537,0.398562824,false
WQS1409,2014-09-06T19:00:00.0,0.79,0.00066,8.56759846,27.59250637797925,0.400477866,0.398562824,false
WQS1409,2014-09-06T20:00:00.0,0.7,0.00066,8.56759846,21.663720758227573,0.400579547,0.398562824,false
WQS1409,2014-09-06T21:00:00.0,0.73,0.00066,8.56759846,23.560401616447905,0.395083565,0.398562824,false
WQS1409,2014-09-06T22:00:00.0,0.82,0.00066,8.56759846,29.727930281290245,0.392493595,0.398562824,false
WQS1409,2014-09-06T23:00:00.0,0.8,0.00066,8.56759846,28.295472010746227,0.393588812,0.398562824,false
WQS1409,2014-09-07T00:00:00.0,0.75,0.00066,8.56759846,24.869067196944922,0.392624927,0.398562824,false
WQS1409,2014-09-07T01:00:00.0,0.81,0.00066,8.56759846,29.007279978516564,0.396341571,0.398562824,false
WQS1409,2014-09-07T02:00:00.0,0.8,0.00066,8.56759846,28.295472010746227,0.393138057,0.398562824,false
WQS1409,2014-09-07T03:00:00.0,0.81,0.00066,8.56759846,29.007279978516564,0.384431036,0.398562824,false
WQS1409,2014-09-07T04:00:00.0,0.88,0.00066,8.56759846,34.23752113300293,0.386946883,0.398562824,false
WQS1409,2014-09-07T05:00:00.0,0.76,0.00066,8.56759846,25.536663489698466,0.378058661,0.398562824,false
WQS1409,2014-09-07T06:00:00.0,0.91,0.00066,8.56759846,36.61168808140461,0.358328319,0.398562824,false
WQS1409,2014-09-07T07:00:00.0,0.6,0.00066,8.56759846,15.91620300604475,0.347932627,0.398562824,false
WQS1409,2014-09-07T08:00:00.0,0.68,0.00066,8.56759846,20.44347852776415,0.342597564,0.398562824,false
WQS1409,2014-09-07T09:00:00.0,0.65,0.00066,8.56759846,18.679432694594187,0.338007323,0.398562824,false
WQS1409,2014-09-07T10:00:00.0,0.6,0.00066,8.56759846,15.91620300604475,0.327051597,0.398562824,false
WQS1409,2014-09-07T11:00:00.0,0.49,0.00066,8.56759846,10.615223171531511,0.320580585,0.398562824,false
WQS1409,2014-09-07T12:00:00.0,0.6,0.00066,8.56759846,15.91620300604475,0.317774208,0.398562824,false
WQS1409,2014-09-07T13:00:00.0,0.61,0.00066,8.56759846,16.45116427374792,0.327350664,0.398562824,false
WQS1409,2014-09-07T14:00:00.0,0.75,0.00066,8.56759846,24.869067196944922,0.326853622,0.398562824,false
WQS1409,2014-09-07T15:00:00.0,0.94,0.00066,8.56759846,39.0654360448365,0.315225137,0.23997769000000002,true
WQS1409,2014-09-07T16:00:00.0,0.97,0.00066,8.56759846,41.598765023298625,0.307037244,0.23997769000000002,false
WQS1409,2014-09-07T17:00:00.0,0.96,0.00066,8.56759846,40.74547969547456,0.262605189,0.23997769000000002,false
WQS1409,2014-09-07T18:00:00.0,1.13,0.00066,8.56759846,56.45388782894038,0.21563893400000003,0.23997769000000002,false
WQS1409,2014-09-07T19:00:00.0,1.13,0.00066,8.56759846,56.45388782894038,0.201199669,0.23997769000000002,false
WQS1409,2014-09-07T20:00:00.0,1.04,0.00066,8.56759846,47.819347698161124,0.197884341,0.23997769000000002,false
WQS1409,2014-09-07T21:00:00.0,0.84,0.00066,8.56759846,31.195757891847705,0.204725041,0.23997769000000002,false
WQS1409,2014-09-07T22:00:00.0,1.06,0.00066,8.56759846,49.676238048866345,0.211894133,0.23997769000000002,false
WQS1409,2014-09-07T23:00:00.0,1.01,0.00066,8.56759846,45.10032968462847,0.21593342299999999,0.23997769000000002,false
WQS1409,2014-09-08T00:00:00.0,0.89,0.00066,8.56759846,35.02006778080013,0.221997144,0.23997769000000002,false
WQS1409,2014-09-08T01:00:00.0,0.85,0.00066,8.56759846,31.942935199631474,0.227193977,0.23997769000000002,false
WQS1409,2014-09-08T02:00:00.0,0.86,0.00066,8.56759846,32.6989548424186,0.229930072,0.23997769000000002,false
WQS1409,2014-09-08T03:00:00.0,0.84,0.00066,8.56759846,31.195757891847705,0.231112715,0.23997769000000002,false
WQS1409,2014-09-08T04:00:00.0,0.85,0.00066,8.56759846,31.942935199631474,0.236336994,0.23997769000000002,false
WQS1409,2014-09-08T05:00:00.0,0.75,0.00066,8.56759846,24.869067196944922,0.237360216,0.23997769000000002,false
WQS1409,2014-09-08T06:00:00.0,0.85,0.00066,8.56759846,31.942935199631474,0.237170102,0.23997769000000002,false
WQS1409,2014-09-08T07:00:00.0,0.72,0.00066,8.56759846,22.91933232870444,0.235188018,0.23997769000000002,false
WQS1409,2014-09-08T08:00:00.0,0.76,0.00066,8.56759846,25.536663489698466,0.233197281,0.23997769000000002,false
WQS1409,2014-09-08T09:00:00.0,0.98,0.00066,8.56759846,42.460892686126044,0.235779706,0.23997769000000002,false
WQS1409,2014-09-08T10:00:00.0,1.14,0.00066,8.56759846,57.45749285182154,0.242595164,0.23997769000000002,false
WQS1409,2014-09-08T11:00:00.0,1.39,0.00066,8.56759846,85.42137729994182,0.24626457,0.23997769000000002,false
WQS1409,2014-09-08T12:00:00.0,1.49,0.00066,8.56759846,98.15433970477764,0.256543788,0.23997769000000002,false
WQS1409,2014-09-08T13:00:00.0,1.85,0.00066,8.56759846,151.31445774496711,0.282373621,0.23997769000000002,false
WQS1409,2014-09-08T14:00:00.0,1.5,0.00066,8.56759846,99.47626878777969,0.314011816,0.23997769000000002,false
WQS1409,2014-09-08T15:00:00.0,1.38,0.00066,8.56759846,84.19671390197671,0.333606663,0.23997769000000002,false
WQS1409,2014-09-08T16:00:00.0,1.57,0.00066,8.56759846,108.97735774888807,0.357514379,0.23997769000000002,false
WQS1409,2014-09-08T17:00:00.0,1.56,0.00066,8.56759846,107.59353232086252,0.373554925,0.23997769000000002,false
WQS1409,2014-09-08T18:00:00.0,1.59,0.00066,8.56759846,111.77153560994927,0.380121234,0.23997769000000002,false
WQS1409,2014-09-08T19:00:00.0,1.39,0.00066,8.56759846,85.42137729994182,0.309660352,0.23997769000000002,false
WQS1409,2014-09-08T20:00:00.0,1.41,0.00066,8.56759846,87.89723110088212,0.252838056,0.23997769000000002,false
WQS1409,2014-09-08T21:00:00.0,1.39,0.00066,8.56759846,85.42137729994182,0.336108645,0.23997769000000002,false
WQS1409,2014-09-08T22:00:00.0,1.77,0.00066,8.56759846,138.51075666010445,0.387936135,0.23997769000000002,false
WQS1409,2014-09-08T23:00:00.0,1.64,0.00066,8.56759846,118.91172112516098,0.486821821,0.589317008,true
WQS1409,2014-09-09T00:00:00.0,1.51,0.00066,8.56759846,100.8070402057851,0.507719483,0.589317008,false
WQS1409,2014-09-09T01:00:00.0,1.65,0.00066,8.56759846,120.3662852332134,0.503003796,0.589317008,false
WQS1409,2014-09-09T02:00:00.0,1.86,0.00066,8.56759846,152.95471088809006,0.498865155,0.589317008,false
WQS1409,2014-09-09T03:00:00.0,1.9,0.00066,8.56759846,159.6041468106154,0.544905767,0.589317008,false
WQS1409,2014-09-09T04:00:00.0,1.52,0.00066,8.56759846,102.14665395879386,0.55960591,0.589317008,false
WQS1409,2014-09-09T05:00:00.0,1.54,0.00066,8.56759846,104.85240846982147,0.548915996,0.589317008,false
WQS1409,2014-09-09T06:00:00.0,1.68,0.00066,8.56759846,124.78303156739082,0.536494713,0.589317008,false
WQS1409,2014-09-09T07:00:00.0,1.65,0.00066,8.56759846,120.3662852332134,0.496968244,0.589317008,false
WQS1409,2014-09-09T08:00:00.0,1.47,0.00066,8.56759846,95.5370085437836,0.494387299,0.589317008,false
WQS1409,2014-09-09T09:00:00.0,1.68,0.00066,8.56759846,124.78303156739082,0.539960736,0.589317008,false
WQS1409,2014-09-09T10:00:00.0,1.85,0.00066,8.56759846,151.31445774496711,0.559235546,0.589317008,false
WQS1409,2014-09-09T11:00:00.0,1.88,0.00066,8.56759846,156.261744179346,0.609350183,0.589317008,false
WQS1409,2014-09-09T12:00:00.0,1.71,0.00066,8.56759846,129.27935891659848,0.628275852,0.589317008,false
WQS1409,2014-09-09T13:00:00.0,1.54,0.00066,8.56759846,104.85240846982147,0.642405357,0.589317008,false
WQS1409,2014-09-09T14:00:00.0,1.63,0.00066,8.56759846,117.46599935211192,0.652780754,0.589317008,false
WQS1409,2014-09-09T15:00:00.0,1.7,0.00066,8.56759846,127.7717407985259,0.647497418,0.589317008,false
WQS1409,2014-09-09T16:00:00.0,1.55,0.00066,8.56759846,106.21854922784033,0.625200541,0.589317008,false
WQS1409,2014-09-09T17:00:00.0,1.62,0.00066,8.56759846,116.02911991406626,0.588458535,0.589317008,false
WQS1409,2014-09-09T18:00:00.0,1.88,0.00066,8.56759846,156.261744179346,0.560624569,0.589317008,false
WQS1409,2014-09-09T19:00:00.0,1.63,0.00066,8.56759846,117.46599935211192,0.469264253,0.589317008,false
WQS1409,2014-09-09T20:00:00.0,1.77,0.00066,8.56759846,138.51075666010445,0.419395595,0.589317008,false
WQS1409,2014-09-09T21:00:00.0,1.73,0.00066,8.56759846,132.3211221577537,0.504589064,0.589317008,false
WQS1409,2014-09-09T22:00:00.0,1.79,0.00066,8.56759846,141.65862792129994,0.511227251,0.589317008,false
WQS1409,2014-09-09T23:00:00.0,1.92,0.00066,8.56759846,162.98191878189823,0.564546219,0.589317008,false
WQS1409,2014-09-10T00:00:00.0,1.75,0.00066,8.56759846,135.39825473892236,0.603879414,0.589317008,false
WQS1409,2014-09-10T01:00:00.0,1.66,0.00066,8.56759846,121.82969167626919,0.60799026,0.589317008,false
WQS1409,2014-09-10T02:00:00.0,1.53,0.00066,8.56759846,103.49511004680599,0.609642951,0.589317008,false
WQS1409,2014-09-10T03:00:00.0,1.67,0.00066,8.56759846,123.30194045432835,0.608833732,0.589317008,false
WQS1409,2014-09-10T04:00:00.0,1.69,0.00066,8.56759846,126.27296501545668,0.589317008,0.589317008,false
WQS1409,2014-09-10T05:00:00.0,1.51,0.00066,8.56759846,100.8070402057851,0.539428051,0.589317008,false
WQS1409,2014-09-10T06:00:00.0,1.49,0.00066,8.56759846,98.15433970477764,0.475404404,0.589317008,false
WQS1409,2014-09-10T07:00:00.0,1.32,0.00066,8.56759846,77.0344225492566,0.406299664,0.589317008,false
WQS1409,2014-09-10T08:00:00.0,1.63,0.00066,8.56759846,117.46599935211192,0.368453669,0.589317008,false
WQS1409,2014-09-10T09:00:00.0,1.43,0.00066,8.56759846,90.40845424183584,0.424403896,0.589317008,false
WQS1409,2014-09-10T10:00:00.0,1.43,0.00066,8.56759846,90.40845424183584,0.536174219,0.589317008,false
WQS1409,2014-09-10T11:00:00.0,1.64,0.00066,8.56759846,118.91172112516098,0.574783978,0.589317008,false
WQS1409,2014-09-10T12:00:00.0,1.72,0.00066,8.56759846,130.7958193696744,0.588297686,0.589317008,false
WQS1409,2014-09-10T13:00:00.0,1.6,0.00066,8.56759846,113.18188804298491,0.590183115,0.589317008,false
WQS1409,2014-09-10T14:00:00.0,1.56,0.00066,8.56759846,107.59353232086252,0.605857824,0.589317008,false
WQS1409,2014-09-10T15:00:00.0,1.6,0.00066,8.56759846,113.18188804298491,0.613553098,0.589317008,false
WQS1409,2014-09-10T16:00:00.0,1.57,0.00066,8.56759846,108.97735774888807,0.61547013,0.589317008,false
WQS1409,2014-09-10T17:00:00.0,1.51,0.00066,8.56759846,100.8070402057851,0.617771804,0.589317008,false
WQS1409,2014-09-10T18:00:00.0,1.28,0.00066,8.56759846,72.43640834751034,0.628015709,0.589317008,false
WQS1409,2014-09-10T19:00:00.0,1.22,0.00066,8.56759846,65.80465709499168,0.612690442,0.589317008,false
WQS1409,2014-09-10T20:00:00.0,1.28,0.00066,8.56759846,72.43640834751034,0.596168799,0.589317008,false
WQS1409,2014-09-10T21:00:00.0,1.36,0.00066,8.56759846,81.7739141110566,0.573128625,0.589317008,false
WQS1409,2014-09-10T22:00:00.0,1.3,0.00066,8.56759846,74.71773077837675,0.591149203,0.589317008,false
WQS1409,2014-09-10T23:00:00.0,1.17,0.00066,8.56759846,60.52136193048515,0.588603223,0.589317008,false
WQS1409,2014-09-11T00:00:00.0,1.3,0.00066,8.56759846,74.71773077837675,0.587423848,0.589317008,false
WQS1409,2014-09-11T01:00:00.0,1.34,0.00066,8.56759846,79.38648366014988,0.588183555,0.589317008,false
WQS1409,2014-09-11T02:00:00.0,1.3,0.00066,8.56759846,74.71773077837675,0.591281309,0.589317008,false
WQS1409,2014-09-11T03:00:00.0,1.41,0.00066,8.56759846,87.89723110088212,0.594474045,0.589317008,false
WQS1409,2014-09-11T04:00:00.0,1.27,0.00066,8.56759846,71.30901063458217,0.596628811,0.589317008,false
WQS1409,2014-09-11T05:00:00.0,1.09,0.00066,8.56759846,52.52789108744936,0.599336432,0.589317008,false
WQS1409,2014-09-11T06:00:00.0,1.19,0.00066,8.56759846,62.60815299127769,0.60047888,0.589317008,false
WQS1409,2014-09-11T07:00:00.0,1.12,0.00066,8.56759846,55.4591251410626,0.605195133,0.589317008,false
WQS1409,2014-09-11T08:00:00.0,1.06,0.00066,8.56759846,49.676238048866345,0.602970933,0.589317008,false
WQS1409,2014-09-11T09:00:00.0,0.99,0.00066,8.56759846,43.33186268395683,0.602581843,0.589317008,false
WQS1409,2014-09-11T10:00:00.0,1.03,0.00066,8.56759846,46.90416602531354,0.598554676,0.589317008,false
WQS1409,2014-09-11T11:00:00.0,1.05,0.00066,8.56759846,48.74337170601205,0.597050059,0.589317008,false
WQS1409,2014-09-11T12:00:00.0,1.13,0.00066,8.56759846,56.45388782894038,0.596463096,0.589317008,false
WQS1409,2014-09-11T13:00:00.0,1.13,0.00066,8.56759846,56.45388782894038,0.600719049,0.589317008,false
WQS1409,2014-09-11T14:00:00.0,1.1,0.00066,8.56759846,53.49612677031708,0.596682122,0.589317008,false
WQS1409,2014-09-11T15:00:00.0,1.08,0.00066,8.56759846,51.56849773958499,0.599370586,0.589317008,false
WQS1409,2014-09-11T16:00:00.0,1.15,0.00066,8.56759846,58.46994020970605,0.586959739,0.589317008,false
WQS1409,2014-09-11T17:00:00.0,1.14,0.00066,8.56759846,57.45749285182154,0.573240912,0.589317008,false
WQS1409,2014-09-11T18:00:00.0,1.16,0.00066,8.56759846,59.49122990259393,0.562058781,0.5442804935000001,true
WQS1409,2014-09-11T19:00:00.0,1.02,0.00066,8.56759846,45.99782668746933,0.546585629,0.5442804935000001,false
WQS1409,2014-09-11T20:00:00.0,1.08,0.00066,8.56759846,51.56849773958499,0.540762859,0.5442804935000001,false
WQS1409,2014-09-11T21:00:00.0,1.06,0.00066,8.56759846,49.676238048866345,0.539575762,0.5442804935000001,false
WQS1409,2014-09-11T22:00:00.0,1.17,0.00066,8.56759846,60.52136193048515,0.544223986,0.5442804935000001,false
WQS1409,2014-09-11T23:00:00.0,1.0,0.00066,8.56759846,44.21167501679097,0.541813248,0.5442804935000001,false
WQS1409,2014-09-12T00:00:00.0,0.97,0.00066,8.56759846,41.598765023298625,0.544765303,0.5442804935000001,false
WQS1409,2014-09-12T01:00:00.0,0.95,0.00066,8.56759846,39.90103670265385,0.547350962,0.5442804935000001,false
WQS1409,2014-09-12T02:00:00.0,0.85,0.00066,8.56759846,31.942935199631474,0.544337001,0.5442804935000001,false
WQS1409,2014-09-12T03:00:00.0,0.81,0.00066,8.56759846,29.007279978516564,0.54442449,0.5442804935000001,false
WQS1409,2014-09-12T04:00:00.0,0.78,0.00066,8.56759846,26.89838308021563,0.54493811,0.5442804935000001,false
WQS1409,2014-09-12T05:00:00.0,0.87,0.00066,8.56759846,33.46381682020909,0.545958253,0.5442804935000001,false
WQS1409,2014-09-12T06:00:00.0,0.83,0.00066,8.56759846,30.457422919067298,0.546318314,0.5442804935000001,false
WQS1409,2014-09-12T07:00:00.0,0.81,0.00066,8.56759846,29.007279978516564,0.546717265,0.5442804935000001,false
WQS1409,2014-09-12T08:00:00.0,0.7,0.00066,8.56759846,21.663720758227573,0.545097065,0.5442804935000001,false
WQS1409,2014-09-12T09:00:00.0,0.88,0.00066,8.56759846,34.23752113300293,0.543204762,0.5442804935000001,false
WQS1409,2014-09-12T10:00:00.0,0.89,0.00066,8.56759846,35.02006778080013,0.545127858,0.5442804935000001,false
WQS1409,2014-09-12T11:00:00.0,0.74,0.00066,8.56759846,24.210313239194736,0.540092381,0.5442804935000001,false
WQS1409,2014-09-12T12:00:00.0,1.05,0.00066,8.56759846,48.74337170601205,0.539766395,0.5442804935000001,false
WQS1409,2014-09-12T13:00:00.0,1.09,0.00066,8.56759846,52.52789108744936,0.537093857,0.5442804935000001,false
WQS1409,2014-09-12T14:00:00.0,1.4,0.00066,8.56759846,86.65488303291029,0.532126807,0.5442804935000001,false
WQS1409,2014-09-12T15:00:00.0,1.33,0.00066,8.56759846,78.20603193720156,0.531180209,0.5442804935000001,false
WQS1409,2014-09-12T16:00:00.0,1.3,0.00066,8.56759846,74.71773077837675,0.510840546,0.5442804935000001,false
WQS1409,2014-09-12T17:00:00.0,1.45,0.00066,8.56759846,92.95504672280302,0.481658712,0.5442804935000001,false
WQS1409,2014-09-12T18:00:00.0,1.16,0.00066,8.56759846,59.49122990259393,0.442896883,0.36245306499999996,true
WQS1409,2014-09-12T19:00:00.0,1.3,0.00066,8.56759846,74.71773077837675,0.395475588,0.36245306499999996,false
WQS1409,2014-09-12T20:00:00.0,1.21,0.00066,8.56759846,64.73031339208366,0.351548682,0.36245306499999996,false
WQS1409,2014-09-12T21:00:00.0,1.23,0.00066,8.56759846,66.88784313290306,0.319245912,0.36245306499999996,false
WQS1409,2014-09-12T22:00:00.0,1.1,0.00066,8.56759846,53.49612677031708,0.314819775,0.36245306499999996,false
WQS1409,2014-09-12T23:00:00.0,0.96,0.00066,8.56759846,40.74547969547456,0.335182437,0.36245306499999996,false
WQS1409,2014-09-13T00:00:00.0,1.15,0.00066,8.56759846,58.46994020970605,0.350437037,0.36245306499999996,false
WQS1409,2014-09-13T01:00:00.0,1.1,0.00066,8.56759846,53.49612677031708,0.359599333,0.36245306499999996,false
WQS1409,2014-09-13T02:00:00.0,1.09,0.00066,8.56759846,52.52789108744936,0.360816903,0.36245306499999996,false
WQS1409,2014-09-13T03:00:00.0,1.04,0.00066,8.56759846,47.819347698161124,0.360862584,0.36245306499999996,false
WQS1409,2014-09-13T04:00:00.0,0.96,0.00066,8.56759846,40.74547969547456,0.364186894,0.36245306499999996,false
WQS1409,2014-09-13T05:00:00.0,0.9,0.00066,8.56759846,35.81145676360069,0.360914488,0.36245306499999996,false
WQS1409,2014-09-13T06:00:00.0,0.91,0.00066,8.56759846,36.61168808140461,0.366316738,0.36245306499999996,false
WQS1409,2014-09-13T07:00:00.0,1.02,0.00066,8.56759846,45.99782668746933,0.362195094,0.36245306499999996,false
WQS1409,2014-09-13T08:00:00.0,0.84,0.00066,8.56759846,31.195757891847705,0.361973274,0.36245306499999996,false
WQS1409,2014-09-13T09:00:00.0,0.81,0.00066,8.56759846,29.007279978516564,0.364521647,0.36245306499999996,false
WQS1409,2014-09-13T10:00:00.0,0.85,0.00066,8.56759846,31.942935199631474,0.361095296,0.36245306499999996,false
WQS1409,2014-09-13T11:00:00.0,0.7,0.00066,8.56759846,21.663720758227573,0.363343839,0.36245306499999996,false
WQS1409,2014-09-13T12:00:00.0,0.83,0.00066,8.56759846,30.457422919067298,0.362711036,0.36245306499999996,false
WQS1409,2014-09-13T13:00:00.0,0.79,0.00066,8.56759846,27.59250637797925,0.364679862,0.36245306499999996,false
WQS1409,2014-09-13T14:00:00.0,0.85,0.00066,8.56759846,31.942935199631474,0.362756815,0.36245306499999996,false
WQS1409,2014-09-13T15:00:00.0,0.83,0.00066,8.56759846,30.457422919067298,0.360459245,0.36245306499999996,false
WQS1409,2014-09-13T16:00:00.0,0.9,0.00066,8.56759846,35.81145676360069,0.361253597,0.36245306499999996,false
WQS1409,2014-09-13T17:00:00.0,0.8,0.00066,8.56759846,28.295472010746227,0.360324036,0.36245306499999996,false
WQS1409,2014-09-13T18:00:00.0,0.94,0.00066,8.56759846,39.0654360448365,0.360560747,0.36245306499999996,false
WQS1409,2014-09-13T19:00:00.0,1.07,0.00066,8.56759846,50.617946726723986,0.36290883,0.36245306499999996,false
WQS1409,2014-09-13T20:00:00.0,0.97,0.00066,8.56759846,41.598765023298625,0.361186534,0.36245306499999996,false
WQS1409,2014-09-13T21:00:00.0,0.99,0.00066,8.56759846,43.33186268395683,0.361991112,0.36245306499999996,false
WQS1409,2014-09-13T22:00:00.0,0.99,0.00066,8.56759846,43.33186268395683,0.365255534,0.36245306499999996,false
WQS1409,2014-09-13T23:00:00.0,0.85,0.00066,8.56759846,31.942935199631474,0.36827403,0.36245306499999996,false
WQS1409,2014-09-14T00:00:00.0,1.06,0.00066,8.56759846,49.676238048866345,0.373590475,0.36245306499999996,false
WQS1409,2014-09-14T01:00:00.0,1.18,0.00066,8.56759846,61.56033629337974,0.372860603,0.36245306499999996,false
WQS1409,2014-09-14T02:00:00.0,1.04,0.00066,8.56759846,47.819347698161124,0.373848159,0.36245306499999996,false
WQS1409,2014-09-14T03:00:00.0,1.07,0.00066,8.56759846,50.617946726723986,0.374480921,0.36245306499999996,false
WQS1409,2014-09-14T04:00:00.0,1.23,0.00066,8.56759846,66.88784313290306,0.375859696,0.36245306499999996,false
WQS1409,2014-09-14T05:00:00.0,1.11,0.00066,8.56759846,54.47320478818816,0.379101937,0.36245306499999996,false
WQS1409,2014-09-14T06:00:00.0,1.08,0.00066,8.56759846,51.56849773958499,0.381195257,0.36245306499999996,false
WQS1409,2014-09-14T07:00:00.0,1.01,0.00066,8.56759846,45.10032968462847,0.381411378,0.36245306499999996,false
WQS1409,2014-09-14T08:00:00.0,1.06,0.00066,8.56759846,49.676238048866345,0.376953701,0.36245306499999996,false
WQS1409,2014-09-14T09:00:00.0,1.15,0.00066,8.56759846,58.46994020970605,0.361064896,0.36245306499999996,false
WQS1409,2014-09-14T10:00:00.0,1.28,0.00066,8.56759846,72.43640834751034,0.351468643,0.36245306499999996,false
WQS1409,2014-09-14T11:00:00.0,1.28,0.00066,8.56759846,72.43640834751034,0.329198982,0.36245306499999996,false
WQS1409,2014-09-14T12:00:00.0,1.53,0.00066,8.56759846,103.49511004680599,0.340755961,0.36245306499999996,false
WQS1409,2014-09-14T13:00:00.0,1.27,0.00066,8.56759846,71.30901063458217,0.408300672,0.36245306499999996,false
WQS1409,2014-09-14T14:00:00.0,1.28,0.00066,8.56759846,72.43640834751034,0.4318479,0.46174434499999994,true
WQS1409,2014-09-14T15:00:00.0,1.54,0.00066,8.56759846,104.85240846982147,0.461344811,0.46174434499999994,false
WQS1409,2014-09-14T16:00:00.0,1.35,0.00066,8.56759846,80.57577771810156,0.467276393,0.46174434499999994,false
WQS1409,2014-09-14T17:00:00.0,1.41,0.00066,8.56759846,87.89723110088212,0.471573161,0.46174434499999994,false
WQS1409,2014-09-14T18:00:00.0,1.26,0.00066,8.56759846,70.19045525665736,0.467777385,0.46174434499999994,false
WQS1409,2014-09-14T19:00:00.0,1.06,0.00066,8.56759846,49.676238048866345,0.468714723,0.46174434499999994,false
WQS1409,2014-09-14T20:00:00.0,0.92,0.00066,8.56759846,37.42076173421188,0.46672295,0.46174434499999994,false
WQS1409,2014-09-14T21:00:00.0,0.93,0.00066,8.56759846,38.238677722022516,0.46587192,0.46174434499999994,false
WQS1409,2014-09-14T22:00:00.0,0.94,0.00066,8.56759846,39.0654360448365,0.462465266,0.46174434499999994,false
WQS1409,2014-09-14T23:00:00.0,0.82,0.00066,8.56759846,29.727930281290245,0.463494385,0.46174434499999994,false
WQS1409,2014-09-15T00:00:00.0,0.75,0.00066,8.56759846,24.869067196944922,0.464598342,0.46174434499999994,false
WQS1409,2014-09-15T01:00:00.0,0.93,0.00066,8.56759846,38.238677722022516,0.459138462,0.46174434499999994,false
WQS1409,2014-09-15T02:00:00.0,1.07,0.00066,8.56759846,50.617946726723986,0.463515122,0.46174434499999994,false
WQS1409,2014-09-15T03:00:00.0,0.8,0.00066,8.56759846,28.295472010746227,0.46345496,0.46174434499999994,false
WQS1409,2014-09-15T04:00:00.0,0.89,0.00066,8.56759846,35.02006778080013,0.466797865,0.46174434499999994,false
WQS1409,2014-09-15T05:00:00.0,0.94,0.00066,8.56759846,39.0654360448365,0.465838648,0.46174434499999994,false
WQS1409,2014-09-15T06:00:00.0,1.01,0.00066,8.56759846,45.10032968462847,0.46203956,0.46174434499999994,false
WQS1409,2014-09-15T07:00:00.0,0.71,0.00066,8.56759846,22.28710537596433,0.459535983,0.46174434499999994,false
WQS1409,2014-09-15T08:00:00.0,0.76,0.00066,8.56759846,25.536663489698466,0.462416367,0.46174434499999994,false
WQS1409,2014-09-15T09:00:00.0,0.56,0.00066,8.56759846,13.86478128526565,0.464241433,0.46174434499999994,false
WQS1409,2014-09-15T10:00:00.0,0.67,0.00066,8.56759846,19.84662091503747,0.462921705,0.46174434499999994,false
WQS1409,2014-09-15T11:00:00.0,0.5,0.00066,8.56759846,11.052918754197743,0.464480836,0.46174434499999994,false
WQS1409,2014-09-15T12:00:00.0,0.56,0.00066,8.56759846,13.86478128526565,0.46567431,0.46174434499999994,false
WQS1409,2014-09-15T13:00:00.0,0.63,0.00066,8.56759846,17.54761381416434,0.462125786,0.46174434499999994,false
WQS1409,2014-09-15T14:00:00.0,0.54,0.00066,8.56759846,12.892124434896248,0.462007616,0.46174434499999994,false
WQS1409,2014-09-15T15:00:00.0,0.48,0.00066,8.56759846,10.18636992386864,0.458847644,0.46174434499999994,false
WQS1409,2014-09-15T16:00:00.0,0.59,0.00066,8.56759846,15.390084073344935,0.458595673,0.46174434499999994,false
WQS1409,2014-09-15T17:00:00.0,0.42,0.00066,8.56759846,7.798939472961926,0.462233649,0.46174434499999994,false
WQS1409,2014-09-15T18:00:00.0,0.54,0.00066,8.56759846,12.892124434896248,0.463609402,0.46174434499999994,false
WQS1409,2014-09-15T19:00:00.0,0.72,0.00066,8.56759846,22.91933232870444,0.463073911,0.46174434499999994,false
WQS1409,2014-09-15T20:00:00.0,0.77,0.00066,8.56759846,26.213102117455367,0.461783382,0.46174434499999994,false
WQS1409,2014-09-15T21:00:00.0,0.52,0.00066,8.56759846,11.954836924540281,0.463028851,0.46174434499999994,false
WQS1409,2014-09-15T22:00:00.0,0.7,0.00066,8.56759846,21.663720758227573,0.4607381,0.46174434499999994,false
WQS1409,2014-09-15T23:00:00.0,0.52,0.00066,8.56759846,11.954836924540281,0.460642795,0.46174434499999994,false
WQS1409,2014-09-16T00:00:00.0,0.61,0.00066,8.56759846,16.45116427374792,0.461035578,0.46174434499999994,false
WQS1409,2014-09-16T01:00:00.0,0.58,0.00066,8.56759846,14.872807475648482,0.460772585,0.46174434499999994,false
WQS1409,2014-09-16T02:00:00.0,0.5,0.00066,8.56759846,11.052918754197743,0.463139458,0.46174434499999994,false
WQS1409,2014-09-16T03:00:00.0,0.59,0.00066,8.56759846,15.390084073344935,0.462884518,0.46174434499999994,false
WQS1409,2014-09-16T04:00:00.0,0.43,0.00066,8.56759846,8.17473871060465,0.460960202,0.46174434499999994,false
WQS1409,2014-09-16T05:00:00.0,0.53,0.00066,8.56759846,12.419059512216586,0.460141333,0.46174434499999994,false
WQS1409,2014-09-16T06:00:00.0,0.56,0.00066,8.56759846,13.86478128526565,0.458546505,0.46174434499999994,false
WQS1409,2014-09-16T07:00:00.0,0.57,0.00066,8.56759846,14.364373212955385,0.462630719,0.46174434499999994,false
WQS1409,2014-09-16T08:00:00.0,0.5,0.00066,8.56759846,11.052918754197743,0.460743808,0.46174434499999994,false
WQS1409,2014-09-16T09:00:00.0,0.56,0.00066,8.56759846,13.86478128526565,0.460151928,0.46174434499999994,false
WQS1409,2014-09-16T10:00:00.0,0.65,0.00066,8.56759846,18.679432694594187,0.46077255,0.46174434499999994,false
WQS1409,2014-09-16T11:00:00.0,0.64,0.00066,8.56759846,18.109102086877584,0.462483418,0.46174434499999994,false
WQS1409,2014-09-16T12:00:00.0,0.72,0.00066,8.56759846,22.91933232870444,0.463641958,0.46174434499999994,false
WQS1409,2014-09-16T13:00:00.0,0.74,0.00066,8.56759846,24.210313239194736,0.461930768,0.46174434499999994,false
WQS1409,2014-09-16T14:00:00.0,0.79,0.00066,8.56759846,27.59250637797925,0.463304184,0.46174434499999994,false
WQS1409,2014-09-16T15:00:00.0,0.8,0.00066,8.56759846,28.295472010746227,0.464138023,0.46174434499999994,false
WQS1409,2014-09-16T16:00:00.0,0.63,0.00066,8.56759846,17.54761381416434,0.46112934,0.46174434499999994,false
WQS1409,2014-09-16T17:00:00.0,0.67,0.00066,8.56759846,19.84662091503747,0.461744345,0.46174434499999994,false
WQS1409,2014-09-16T18:00:00.0,0.59,0.00066,8.56759846,15.390084073344935,0.461553294,0.46174434499999994,false
WQS1409,2014-09-16T19:00:00.0,0.61,0.00066,8.56759846,16.45116427374792,0.456869848,0.46174434499999994,false
WQS1409,2014-09-16T20:00:00.0,0.62,0.00066,8.56759846,16.99496787645445,0.458838105,0.46174434499999994,false
WQS1409,2014-09-16T21:00:00.0,0.68,0.00066,8.56759846,20.44347852776415,0.456591209,0.46174434499999994,false
WQS1409,2014-09-16T22:00:00.0,0.63,0.00066,8.56759846,17.54761381416434,0.457552526,0.46174434499999994,false
WQS1409,2014-09-16T23:00:00.0,0.6,0.00066,8.56759846,15.91620300604475,0.459070044,0.46174434499999994,false
WQS1409,2014-09-17T00:00:00.0,0.59,0.00066,8.56759846,15.390084073344935,0.457082863,0.46174434499999994,false
WQS1409,2014-09-17T01:00:00.0,0.67,0.00066,8.56759846,19.84662091503747,0.458814007,0.46174434499999994,false
WQS1409,2014-09-17T02:00:00.0,0.74,0.00066,8.56759846,24.210313239194736,0.461855277,0.46174434499999994,false
WQS1409,2014-09-17T03:00:00.0,0.68,0.00066,8.56759846,20.44347852776415,0.459535654,0.46174434499999994,false
WQS1409,2014-09-17T04:00:00.0,0.74,0.00066,8.56759846,24.210313239194736,0.454212834,0.46174434499999994,false
WQS1409,2014-09-17T05:00:00.0,0.68,0.00066,8.56759846,20.44347852776415,0.455693668,0.46174434499999994,false
WQS1409,2014-09-17T06:00:00.0,0.71,0.00066,8.56759846,22.28710537596433,0.448996622,0.46174434499999994,false
WQS1409,2014-09-17T07:00:00.0,0.72,0.00066,8.56759846,22.91933232870444,0.444076054,0.46174434499999994,false
WQS1409,2014-09-17T08:00:00.0,0.84,0.00066,8.56759846,31.195757891847705,0.441072335,0.46174434499999994,false
WQS1409,2014-09-17T09:00:00.0,0.83,0.00066,8.56759846,30.457422919067298,0.430695615,0.46174434499999994,false
WQS1409,2014-09-17T10:00:00.0,0.87,0.00066,8.56759846,33.46381682020909,0.427945757,0.46174434499999994,false
WQS1409,2014-09-17T11:00:00.0,0.86,0.00066,8.56759846,32.6989548424186,0.396805145,0.46174434499999994,false
WQS1409,2014-09-17T12:00:00.0,0.89,0.00066,8.56759846,35.02006778080013,0.385590178,0.46174434499999994,false
WQS1409,2014-09-17T13:00:00.0,0.91,0.00066,8.56759846,36.61168808140461,0.349076796,0.46174434499999994,false
WQS1409,2014-09-17T14:00:00.0,0.98,0.00066,8.56759846,42.460892686126044,0.295035973,0.46174434499999994,false
WQS1409,2014-09-17T15:00:00.0,0.89,0.00066,8.56759846,35.02006778080013,0.294322284,0.46174434499999994,false
WQS1409,2014-09-17T16:00:00.0,1.0,0.00066,8.56759846,44.21167501679097,0.335988553,0.46174434499999994,false
WQS1409,2014-09-17T17:00:00.0,0.9,0.00066,8.56759846,35.81145676360069,0.386719483,0.46174434499999994,false
WQS1409,2014-09-17T18:00:00.0,0.98,0.00066,8.56759846,42.460892686126044,0.484192228,0.46174434499999994,false
WQS1409,2014-09-17T19:00:00.0,1.07,0.00066,8.56759846,50.617946726723986,0.511074903,0.46174434499999994,false
WQS1409,2014-09-17T20:00:00.0,1.22,0.00066,8.56759846,65.80465709499168,0.551193618,0.46174434499999994,false
WQS1409,2014-09-17T21:00:00.0,0.88,0.00066,8.56759846,34.23752113300293,0.584462087,0.46174434499999994,false
WQS1409,2014-09-17T22:00:00.0,1.05,0.00066,8.56759846,48.74337170601205,0.594230334,0.46174434499999994,false
WQS1409,2014-09-17T23:00:00.0,0.93,0.00066,8.56759846,38.238677722022516,0.631450184,0.7557501915,true
WQS1409,2014-09-18T00:00:00.0,1.17,0.00066,8.56759846,60.52136193048515,0.668058052,0.7557501915,false
WQS1409,2014-09-18T01:00:00.0,1.07,0.00066,8.56759846,50.617946726723986,0.67175257,0.7557501915,false
WQS1409,2014-09-18T02:00:00.0,1.14,0.00066,8.56759846,57.45749285182154,0.667348785,0.7557501915,false
WQS1409,2014-09-18T03:00:00.0,0.98,0.00066,8.56759846,42.460892686126044,0.703610585,0.7557501915,false
WQS1409,2014-09-18T04:00:00.0,1.05,0.00066,8.56759846,48.74337170601205,0.741048119,0.7557501915,false
WQS1409,2014-09-18T05:00:00.0,1.02,0.00066,8.56759846,45.99782668746933,0.758273137,0.7557501915,false
WQS1409,2014-09-18T06:00:00.0,1.13,0.00066,8.56759846,56.45388782894038,0.754213423,0.7557501915,false
WQS1409,2014-09-18T07:00:00.0,1.25,0.00066,8.56759846,69.08074221373589,0.737975133,0.7557501915,false
WQS1409,2014-09-18T08:00:00.0,1.32,0.00066,8.56759846,77.0344225492566,0.754949023,0.7557501915,false
WQS1409,2014-09-18T09:00:00.0,1.15,0.00066,8.56759846,58.46994020970605,0.760861879,0.7557501915,false
WQS1409,2014-09-18T10:00:00.0,0.94,0.00066,8.56759846,39.0654360448365,0.764767744,0.7557501915,false
WQS1409,2014-09-18T11:00:00.0,1.14,0.00066,8.56759846,57.45749285182154,0.773875457,0.7557501915,false
WQS1409,2014-09-18T12:00:00.0,1.08,0.00066,8.56759846,51.56849773958499,0.771659397,0.7557501915,false
WQS1409,2014-09-18T13:00:00.0,0.85,0.00066,8.56759846,31.942935199631474,0.767128621,0.7557501915,false
WQS1409,2014-09-18T14:00:00.0,0.94,0.00066,8.56759846,39.0654360448365,0.764516852,0.7557501915,false
WQS1409,2014-09-18T15:00:00.0,1.17,0.00066,8.56759846,60.52136193048515,0.768850161,0.7557501915,false
WQS1409,2014-09-18T16:00:00.0,0.96,0.00066,8.56759846,40.74547969547456,0.778480693,0.7557501915,false
WQS1409,2014-09-18T17:00:00.0,0.98,0.00066,8.56759846,42.460892686126044,0.770726535,0.7557501915,false
WQS1409,2014-09-18T18:00:00.0,0.98,0.00066,8.56759846,42.460892686126044,0.769354908,0.7557501915,false
WQS1409,2014-09-18T19:00:00.0,0.93,0.00066,8.56759846,38.238677722022516,0.770974747,0.7557501915,false
WQS1409,2014-09-18T20:00:00.0,0.96,0.00066,8.56759846,40.74547969547456,0.775260996,0.7557501915,false
WQS1409,2014-09-18T21:00:00.0,0.87,0.00066,8.56759846,33.46381682020909,0.766644517,0.7557501915,false
WQS1409,2014-09-18T22:00:00.0,0.98,0.00066,8.56759846,42.460892686126044,0.763263145,0.7557501915,false
WQS1409,2014-09-18T23:00:00.0,0.96,0.00066,8.56759846,40.74547969547456,0.75655136,0.7557501915,false
WQS1409,2014-09-19T00:00:00.0,0.82,0.00066,8.56759846,29.727930281290245,0.754065219,0.7557501915,false
WQS1409,2014-09-19T01:00:00.0,0.9,0.00066,8.56759846,35.81145676360069,0.737534795,0.7557501915,false
WQS1409,2014-09-19T02:00:00.0,0.94,0.00066,8.56759846,39.0654360448365,0.732048965,0.7557501915,false
WQS1409,2014-09-19T03:00:00.0,0.71,0.00066,8.56759846,22.28710537596433,0.726185948,0.7557501915,false
WQS1409,2014-09-19T04:00:00.0,0.84,0.00066,8.56759846,31.195757891847705,0.719556112,0.7557501915,false
WQS1409,2014-09-19T05:00:00.0,0.93,0.00066,8.56759846,38.238677722022516,0.714385174,0.7557501915,false
WQS1409,2014-09-19T06:00:00.0,0.82,0.00066,8.56759846,29.727930281290245,0.700074445,0.7557501915,false
WQS1409,2014-09-19T07:00:00.0,0.84,0.00066,8.56759846,31.195757891847705,0.694124879,0.6409063865000001,true
WQS1409,2014-09-19T08:00:00.0,0.84,0.00066,8.56759846,31.195757891847705,0.685218211,0.6409063865000001,false
WQS1409,2014-09-19T09:00:00.0,0.75,0.00066,8.56759846,24.869067196944922,0.673278325,0.6409063865000001,false
WQS1409,2014-09-19T10:00:00.0,0.77,0.00066,8.56759846,26.213102117455367,0.668983617,0.6409063865000001,false
WQS1409,2014-09-19T11:00:00.0,0.83,0.00066,8.56759846,30.457422919067298,0.66398507,0.6409063865000001,false
WQS1409,2014-09-19T12:00:00.0,0.88,0.00066,8.56759846,34.23752113300293,0.653901315,0.6409063865000001,false
WQS1409,2014-09-19T13:00:00.0,0.77,0.00066,8.56759846,26.213102117455367,0.647999693,0.6409063865000001,false
WQS1409,2014-09-19T14:00:00.0,0.74,0.00066,8.56759846,24.210313239194736,0.645889917,0.6409063865000001,false
WQS1409,2014-09-19T15:00:00.0,0.76,0.00066,8.56759846,25.536663489698466,0.641127061,0.6409063865000001,false
WQS1409,2014-09-19T16:00:00.0,0.71,0.00066,8.56759846,22.28710537596433,0.636041617,0.6409063865000001,false
WQS1409,2014-09-19T17:00:00.0,0.63,0.00066,8.56759846,17.54761381416434,0.640685712,0.6409063865000001,false
WQS1409,2014-09-19T18:00:00.0,0.78,0.00066,8.56759846,26.89838308021563,0.629483277,0.6409063865000001,false
WQS1409,2014-09-19T19:00:00.0,0.71,0.00066,8.56759846,22.28710537596433,0.626399749,0.6409063865000001,false
WQS1409,2014-09-19T20:00:00.0,0.8,0.00066,8.56759846,28.295472010746227,0.617893582,0.6409063865000001,false
WQS1409,2014-09-19T21:00:00.0,0.72,0.00066,8.56759846,22.91933232870444,0.609778104,0.6409063865000001,false
WQS1409,2014-09-19T22:00:00.0,0.92,0.00066,8.56759846,37.42076173421188,0.610224803,0.6409063865000001,false
WQS1409,2014-09-19T23:00:00.0,1.17,0.00066,8.56759846,60.52136193048515,0.604372423,0.6409063865000001,false
WQS1409,2014-09-20T00:00:00.0,1.07,0.00066,8.56759846,50.617946726723986,0.575908812,0.6409063865000001,false
WQS1409,2014-09-20T01:00:00.0,1.13,0.00066,8.56759846,56.45388782894038,0.467907842,0.4663339295000001,true
WQS1409,2014-09-20T02:00:00.0,1.13,0.00066,8.56759846,56.45388782894038,0.336137147,0.4663339295000001,false
WQS1409,2014-09-20T03:00:00.0,1.21,0.00066,8.56759846,64.73031339208366,0.269210576,0.4663339295000001,false
WQS1409,2014-09-20T04:00:00.0,1.42,0.00066,8.56759846,89.14842150385732,0.280242838,0.4663339295000001,false
WQS1409,2014-09-20T05:00:00.0,1.48,0.00066,8.56759846,96.84125295677894,0.350130634,0.4663339295000001,false
WQS1409,2014-09-20T06:00:00.0,1.39,0.00066,8.56759846,85.42137729994182,0.395276281,0.4663339295000001,false
WQS1409,2014-09-20T07:00:00.0,1.31,0.00066,8.56759846,75.871655496315,0.414083452,0.4663339295000001,false
WQS1409,2014-09-20T08:00:00.0,1.43,0.00066,8.56759846,90.40845424183584,0.436520481,0.4663339295000001,false
WQS1409,2014-09-20T09:00:00.0,1.5,0.00066,8.56759846,99.47626878777969,0.453328658,0.4663339295000001,false
WQS1409,2014-09-20T10:00:00.0,1.64,0.00066,8.56759846,118.91172112516098,0.464760017,0.4663339295000001,false
WQS1409,2014-09-20T11:00:00.0,1.59,0.00066,8.56759846,111.77153560994927,0.482970442,0.4663339295000001,false
WQS1409,2014-09-20T12:00:00.0,1.44,0.00066,8.56759846,91.67732931481775,0.498075425,0.4663339295000001,false
WQS1409,2014-09-20T13:00:00.0,1.29,0.00066,8.56759846,73.57264839544186,0.516818344,0.4663339295000001,false
WQS1409,2014-09-20T14:00:00.0,1.29,0.00066,8.56759846,73.57264839544186,0.531369272,0.4663339295000001,false
WQS1409,2014-09-20T15:00:00.0,1.24,0.00066,8.56759846,67.9798715058178,0.516086235,0.4663339295000001,false
WQS1409,2014-09-20T16:00:00.0,1.05,0.00066,8.56759846,48.74337170601205,0.488863339,0.4663339295000001,false
WQS1409,2014-09-20T17:00:00.0,1.28,0.00066,8.56759846,72.43640834751034,0.507913503,0.4663339295000001,false
WQS1409,2014-09-20T18:00:00.0,1.33,0.00066,8.56759846,78.20603193720156,0.549460802,0.4663339295000001,false
WQS1409,2014-09-20T19:00:00.0,1.37,0.00066,8.56759846,82.98089283901498,0.570455969,0.6549148950000001,true
WQS1409,2014-09-20T20:00:00.0,1.25,0.00066,8.56759846,69.08074221373589,0.584413536,0.6549148950000001,false
WQS1409,2014-09-20T21:00:00.0,1.48,0.00066,8.56759846,96.84125295677894,0.585021897,0.6549148950000001,false
WQS1409,2014-09-20T22:00:00.0,1.39,0.00066,8.56759846,85.42137729994182,0.590881826,0.6549148950000001,false
WQS1409,2014-09-20T23:00:00.0,1.67,0.00066,8.56759846,123.30194045432835,0.61126774,0.6549148950000001,false
WQS1409,2014-09-21T00:00:00.0,1.7,0.00066,8.56759846,127.7717407985259,0.643616108,0.6549148950000001,false
WQS1409,2014-09-21T01:00:00.0,1.66,0.00066,8.56759846,121.82969167626919,0.629403206,0.6549148950000001,false
WQS1409,2014-09-21T02:00:00.0,1.42,0.00066,8.56759846,89.14842150385732,0.612327626,0.6549148950000001,false
WQS1409,2014-09-21T03:00:00.0,1.46,0.00066,8.56759846,94.24160646579162,0.636682931,0.6549148950000001,false
WQS1409,2014-09-21T04:00:00.0,1.38,0.00066,8.56759846,84.19671390197671,0.685054984,0.6549148950000001,false
WQS1409,2014-09-21T05:00:00.0,1.17,0.00066,8.56759846,60.52136193048515,0.702293109,0.6549148950000001,false
WQS1409,2014-09-21T06:00:00.0,1.37,0.00066,8.56759846,82.98089283901498,0.701344484,0.6549148950000001,false
WQS1409,2014-09-21T07:00:00.0,1.4,0.00066,8.56759846,86.65488303291029,0.691653118,0.6549148950000001,false
WQS1409,2014-09-21T08:00:00.0,1.57,0.00066,8.56759846,108.97735774888807,0.690505828,0.6549148950000001,false
WQS1409,2014-09-21T09:00:00.0,1.13,0.00066,8.56759846,56.45388782894038,0.700761632,0.6549148950000001,false
WQS1409,2014-09-21T10:00:00.0,1.19,0.00066,8.56759846,62.60815299127769,0.718724667,0.6549148950000001,false
WQS1409,2014-09-21T11:00:00.0,1.36,0.00066,8.56759846,81.7739141110566,0.7262463,0.6549148950000001,false
WQS1409,2014-09-21T12:00:00.0,1.47,0.00066,8.56759846,95.5370085437836,0.729007218,0.6549148950000001,false
WQS1409,2014-09-21T13:00:00.0,1.01,0.00066,8.56759846,45.10032968462847,0.724139998,0.6549148950000001,false
WQS1409,2014-09-21T14:00:00.0,1.2,0.00066,8.56759846,63.664812024179,0.711090358,0.6549148950000001,false
WQS1409,2014-09-21T15:00:00.0,1.02,0.00066,8.56759846,45.99782668746933,0.710217384,0.6549148950000001,false
WQS1409,2014-09-21T16:00:00.0,1.09,0.00066,8.56759846,52.52789108744936,0.707859784,0.6549148950000001,false
WQS1409,2014-09-21T17:00:00.0,1.14,0.00066,8.56759846,57.45749285182154,0.706057091,0.6549148950000001,false
WQS1409,2014-09-21T18:00:00.0,1.02,0.00066,8.56759846,45.99782668746933,0.696719898,0.6549148950000001,false
WQS1409,2014-09-21T19:00:00.0,1.02,0.00066,8.56759846,45.99782668746933,0.689303024,0.6549148950000001,false
WQS1409,2014-09-21T20:00:00.0,1.14,0.00066,8.56759846,57.45749285182154,0.678742308,0.6549148950000001,false
WQS1409,2014-09-21T21:00:00.0,0.97,0.00066,8.56759846,41.598765023298625,0.663552091,0.6549148950000001,false
WQS1409,2014-09-21T22:00:00.0,1.27,0.00066,8.56759846,71.30901063458217,0.656871429,0.6549148950000001,false
WQS1409,2014-09-21T23:00:00.0,1.61,0.00066,8.56759846,114.60108281102389,0.656172764,0.6549148950000001,false
WQS1409,2014-09-22T00:00:00.0,1.2,0.00066,8.56759846,63.664812024179,0.650943851,0.6549148950000001,false
WQS1409,2014-09-22T01:00:00.0,1.17,0.00066,8.56759846,60.52136193048515,0.649020362,0.6549148950000001,false
WQS1409,2014-09-22T02:00:00.0,0.93,0.00066,8.56759846,38.238677722022516,0.652351506,0.6549148950000001,false
WQS1409,2014-09-22T03:00:00.0,1.08,0.00066,8.56759846,51.56849773958499,0.657392625,0.6549148950000001,false
WQS1409,2014-09-22T04:00:00.0,1.03,0.00066,8.56759846,46.90416602531354,0.658441599,0.6549148950000001,false
WQS1409,2014-09-22T05:00:00.0,1.04,0.00066,8.56759846,47.819347698161124,0.65818982,0.6549148950000001,false
WQS1409,2014-09-22T06:00:00.0,1.07,0.00066,8.56759846,50.617946726723986,0.656899126,0.6549148950000001,false
WQS1409,2014-09-22T07:00:00.0,1.03,0.00066,8.56759846,46.90416602531354,0.651036225,0.6549148950000001,false
WQS1409,2014-09-22T08:00:00.0,0.91,0.00066,8.56759846,36.61168808140461,0.652191796,0.6549148950000001,false
WQS1409,2014-09-22T09:00:00.0,1.04,0.00066,8.56759846,47.819347698161124,0.640301656,0.6549148950000001,false
WQS1409,2014-09-22T10:00:00.0,0.93,0.00066,8.56759846,38.238677722022516,0.639497135,0.6549148950000001,false
WQS1409,2014-09-22T11:00:00.0,1.12,0.00066,8.56759846,55.4591251410626,0.632621819,0.6549148950000001,false
WQS1409,2014-09-22T12:00:00.0,1.11,0.00066,8.56759846,54.47320478818816,0.621478814,0.6549148950000001,false
WQS1409,2014-09-22T13:00:00.0,0.96,0.00066,8.56759846,40.74547969547456,0.633646707,0.6549148950000001,false
WQS1409,2014-09-22T14:00:00.0,0.88,0.00066,8.56759846,34.23752113300293,0.653657026,0.6549148950000001,false
WQS1409,2014-09-22T15:00:00.0,1.06,0.00066,8.56759846,49.676238048866345,0.653376948,0.6549148950000001,false
WQS1409,2014-09-22T16:00:00.0,0.9,0.00066,8.56759846,35.81145676360069,0.657504574,0.6549148950000001,false
WQS1409,2014-09-22T17:00:00.0,0.86,0.00066,8.56759846,32.6989548424186,0.649313116,0.6549148950000001,false
WQS1409,2014-09-22T18:00:00.0,1.21,0.00066,8.56759846,64.73031339208366,0.642410048,0.6549148950000001,false
WQS1409,2014-09-22T19:00:00.0,0.79,0.00066,8.56759846,27.59250637797925,0.635972662,0.6549148950000001,false
WQS1409,2014-09-22T20:00:00.0,0.83,0.00066,8.56759846,30.457422919067298,0.617585948,0.6549148950000001,false
WQS1409,2014-09-22T21:00:00.0,0.95,0.00066,8.56759846,39.90103670265385,0.602594863,0.56552338,true
WQS1409,2014-09-22T22:00:00.0,0.8,0.00066,8.56759846,28.295472010746227,0.596567412,0.56552338,false
WQS1409,2014-09-22T23:00:00.0,0.84,0.00066,8.56759846,31.195757891847705,0.58296028,0.56552338,false
WQS1409,2014-09-23T00:00:00.0,0.8,0.00066,8.56759846,28.295472010746227,0.581718536,0.56552338,false
WQS1409,2014-09-23T01:00:00.0,0.74,0.00066,8.56759846,24.210313239194736,0.571537848,0.56552338,false
WQS1409,2014-09-23T02:00:00.0,0.73,0.00066,8.56759846,23.560401616447905,0.568280053,0.56552338,false
WQS1409,2014-09-23T03:00:00.0,0.8,0.00066,8.56759846,28.295472010746227,0.566635445,0.56552338,false
WQS1409,2014-09-23T04:00:00.0,0.79,0.00066,8.56759846,27.59250637797925,0.56552338,0.56552338,false
WQS1409,2014-09-23T05:00:00.0,0.88,0.00066,8.56759846,34.23752113300293,0.563128169,0.56552338,false
WQS1409,2014-09-23T06:00:00.0,0.93,0.00066,8.56759846,38.238677722022516,0.562386404,0.56552338,false
WQS1409,2014-09-23T07:00:00.0,0.89,0.00066,8.56759846,35.02006778080013,0.55958873,0.56552338,false
WQS1409,2014-09-23T08:00:00.0,0.92,0.00066,8.56759846,37.42076173421188,0.548226821,0.56552338,false
WQS1409,2014-09-23T09:00:00.0,1.01,0.00066,8.56759846,45.10032968462847,0.547080704,0.56552338,false
WQS1409,2014-09-23T10:00:00.0,1.04,0.00066,8.56759846,47.819347698161124,0.522942119,0.56552338,false
WQS1409,2014-09-23T11:00:00.0,1.01,0.00066,8.56759846,45.10032968462847,0.435723736,0.56552338,false
WQS1409,2014-09-23T12:00:00.0,1.0,0.00066,8.56759846,44.21167501679097,0.360845978,0.254293251,true
WQS1409,2014-09-23T13:00:00.0,1.0,0.00066,8.56759846,44.21167501679097,0.285179713,0.254293251,false
WQS1409,2014-09-23T14:00:00.0,1.03,0.00066,8.56759846,46.90416602531354,0.235729654,0.254293251,false
WQS1409,2014-09-23T15:00:00.0,1.12,0.00066,8.56759846,55.4591251410626,0.218347468,0.254293251,false
WQS1409,2014-09-23T16:00:00.0,1.04,0.00066,8.56759846,47.819347698161124,0.228180889,0.254293251,false
WQS1409,2014-09-23T17:00:00.0,0.78,0.00066,8.56759846,26.89838308021563,0.239953181,0.254293251,false
WQS1409,2014-09-23T18:00:00.0,0.83,0.00066,8.56759846,30.457422919067298,0.246194366,0.254293251,false
WQS1409,2014-09-23T19:00:00.0,0.87,0.00066,8.56759846,33.46381682020909,0.2503698059999999,0.254293251,false
WQS1409,2014-09-23T20:00:00.0,0.76,0.00066,8.56759846,25.536663489698466,0.252827529,0.254293251,false
WQS1409,2014-09-23T21:00:00.0,0.74,0.00066,8.56759846,24.210313239194736,0.250558225,0.254293251,false
WQS1409,2014-09-23T22:00:00.0,0.73,0.00066,8.56759846,23.560401616447905,0.252587915,0.254293251,false
WQS1409,2014-09-23T23:00:00.0,0.64,0.00066,8.56759846,18.109102086877584,0.255191455,0.254293251,false
WQS1409,2014-09-24T00:00:00.0,0.7,0.00066,8.56759846,21.663720758227573,0.25468354,0.254293251,false
WQS1409,2014-09-24T01:00:00.0,0.72,0.00066,8.56759846,22.91933232870444,0.25179549200000007,0.254293251,false
WQS1409,2014-09-24T02:00:00.0,0.72,0.00066,8.56759846,22.91933232870444,0.253902962,0.254293251,false
WQS1409,2014-09-24T03:00:00.0,0.71,0.00066,8.56759846,22.28710537596433,0.256362173,0.254293251,false
WQS1409,2014-09-24T04:00:00.0,0.9,0.00066,8.56759846,35.81145676360069,0.257059716,0.254293251,false
WQS1409,2014-09-24T05:00:00.0,0.89,0.00066,8.56759846,35.02006778080013,0.255293707,0.254293251,false
WQS1409,2014-09-24T06:00:00.0,0.97,0.00066,8.56759846,41.598765023298625,0.256528659,0.254293251,false
WQS1409,2014-09-24T07:00:00.0,1.07,0.00066,8.56759846,50.617946726723986,0.256877274,0.254293251,false
WQS1409,2014-09-24T08:00:00.0,1.06,0.00066,8.56759846,49.676238048866345,0.249416776,0.254293251,false
WQS1409,2014-09-24T09:00:00.0,1.25,0.00066,8.56759846,69.08074221373589,0.241157107,0.254293251,false
WQS1409,2014-09-24T10:00:00.0,1.25,0.00066,8.56759846,69.08074221373589,0.263848715,0.254293251,false
WQS1409,2014-09-24T11:00:00.0,1.61,0.00066,8.56759846,114.60108281102389,0.31662016,0.254293251,false
WQS1409,2014-09-24T12:00:00.0,1.6,0.00066,8.56759846,113.18188804298491,0.360296943,0.254293251,false
WQS1409,2014-09-24T13:00:00.0,1.65,0.00066,8.56759846,120.3662852332134,0.378682447,0.254293251,false
WQS1409,2014-09-24T14:00:00.0,1.83,0.00066,8.56759846,148.0604784637313,0.404053799,0.510320522,true
WQS1409,2014-09-24T15:00:00.0,1.85,0.00066,8.56759846,151.31445774496711,0.436492612,0.510320522,false
WQS1409,2014-09-24T16:00:00.0,1.76,0.00066,8.56759846,136.95008453201172,0.442144468,0.510320522,false
WQS1409,2014-09-24T17:00:00.0,1.72,0.00066,8.56759846,130.7958193696744,0.453441247,0.510320522,false
WQS1409,2014-09-24T18:00:00.0,1.65,0.00066,8.56759846,120.3662852332134,0.416881971,0.510320522,false
WQS1409,2014-09-24T19:00:00.0,1.67,0.00066,8.56759846,123.30194045432835,0.483054363,0.510320522,false
WQS1409,2014-09-24T20:00:00.0,1.81,0.00066,8.56759846,144.84186852250892,0.356398963,0.510320522,false
WQS1409,2014-09-24T21:00:00.0,1.88,0.00066,8.56759846,156.261744179346,0.507931701,0.510320522,false
WQS1409,2014-09-24T22:00:00.0,1.85,0.00066,8.56759846,151.31445774496711,0.520889611,0.510320522,false
WQS1409,2014-09-24T23:00:00.0,2.05,0.00066,8.56759846,185.79956425806404,0.510320522,0.510320522,false
WQS1409,2014-09-25T00:00:00.0,2.15,0.00066,8.56759846,204.36846776511626,0.593510166,0.510320522,false
WQS1409,2014-09-25T01:00:00.0,2.38,0.00066,8.56759846,250.43261196511077,0.553550411,0.510320522,false
WQS1409,2014-09-25T02:00:00.0,2.23,0.00066,8.56759846,219.86023869099984,0.530318287,0.510320522,false
WQS1409,2014-09-25T03:00:00.0,2.29,0.00066,8.56759846,231.85044495555357,0.569143017,0.510320522,false
WQS1409,2014-09-25T04:00:00.0,2.43,0.00066,8.56759846,261.06551980664904,0.52954185,0.510320522,false
WQS1409,2014-09-25T05:00:00.0,1.96,0.00066,8.56759846,169.84357074450418,0.522900473,0.510320522,false
WQS1409,2014-09-25T06:00:00.0,2.04,0.00066,8.56759846,183.9913067498773,0.569852997,0.510320522,false
WQS1409,2014-09-25T07:00:00.0,2.06,0.00066,8.56759846,187.61666410125417,0.69110974,0.7367861169999999,true
WQS1409,2014-09-25T08:00:00.0,1.89,0.00066,8.56759846,157.928524327479,0.681108867,0.7367861169999999,false
WQS1409,2014-09-25T09:00:00.0,1.94,0.00066,8.56759846,166.3950600931945,0.569055767,0.7367861169999999,false
WQS1409,2014-09-25T10:00:00.0,2.08,0.00066,8.56759846,191.2773907926445,0.66315518,0.7367861169999999,false
WQS1409,2014-09-25T11:00:00.0,2.06,0.00066,8.56759846,187.61666410125417,0.7367861169999999,0.7367861169999999,false
WQS1409,2014-09-25T12:00:00.0,2.1,0.00066,8.56759846,194.9734868240482,0.769977795,0.7367861169999999,false
WQS1409,2014-09-25T13:00:00.0,1.77,0.00066,8.56759846,138.51075666010445,0.780888574,0.7367861169999999,false
WQS1409,2014-09-25T14:00:00.0,1.73,0.00066,8.56759846,132.3211221577537,0.80604954,0.7367861169999999,false
WQS1409,2014-09-25T15:00:00.0,2.2,0.00066,8.56759846,213.98450708126833,0.826201483,0.7367861169999999,false
WQS1409,2014-09-25T16:00:00.0,1.77,0.00066,8.56759846,138.51075666010445,0.814915249,0.7367861169999999,false
WQS1409,2014-09-25T17:00:00.0,1.7,0.00066,8.56759846,127.7717407985259,0.772320294,0.7367861169999999,false
WQS1409,2014-09-25T18:00:00.0,1.85,0.00066,8.56759846,151.31445774496711,0.728315566,0.7367861169999999,false
WQS1409,2014-09-25T19:00:00.0,1.59,0.00066,8.56759846,111.77153560994927,0.629151246,0.7367861169999999,false
WQS1409,2014-09-25T20:00:00.0,1.58,0.00066,8.56759846,110.370025511917,0.506315406,0.382002498,true
WQS1409,2014-09-25T21:00:00.0,1.73,0.00066,8.56759846,132.3211221577537,0.372751131,0.382002498,false
WQS1409,2014-09-25T22:00:00.0,1.46,0.00066,8.56759846,94.24160646579162,0.470501389,0.382002498,false
WQS1409,2014-09-25T23:00:00.0,1.8,0.00066,8.56759846,143.24582705440275,0.506838517,0.382002498,false
WQS1409,2014-09-26T00:00:00.0,2.0,0.00066,8.56759846,176.84670006716388,0.533506678,0.382002498,false
WQS1409,2014-09-26T01:00:00.0,1.92,0.00066,8.56759846,162.98191878189823,0.508711402,0.382002498,false
WQS1409,2014-09-26T02:00:00.0,1.97,0.00066,8.56759846,171.5810895726641,0.353105903,0.382002498,false
WQS1409,2014-09-26T03:00:00.0,2.0,0.00066,8.56759846,176.84670006716388,0.382002498,0.382002498,false
WQS1409,2014-09-26T04:00:00.0,2.23,0.00066,8.56759846,219.86023869099984,0.353640309,0.382002498,false
WQS1409,2014-09-26T05:00:00.0,1.92,0.00066,8.56759846,162.98191878189823,0.356601888,0.382002498,false
WQS1409,2014-09-26T06:00:00.0,1.56,0.00066,8.56759846,107.59353232086252,0.338008138,0.382002498,false
WQS1409,2014-09-26T07:00:00.0,1.48,0.00066,8.56759846,96.84125295677894,0.328013991,0.382002498,false
WQS1409,2014-09-26T08:00:00.0,1.7,0.00066,8.56759846,127.7717407985259,0.436571295,0.382002498,false
WQS1409,2014-09-26T09:00:00.0,1.4,0.00066,8.56759846,86.65488303291029,0.544147482,0.624638102,true
WQS1409,2014-09-26T10:00:00.0,1.51,0.00066,8.56759846,100.8070402057851,0.572645823,0.624638102,false
WQS1409,2014-09-26T11:00:00.0,1.33,0.00066,8.56759846,78.20603193720156,0.566941679,0.624638102,false
WQS1409,2014-09-26T12:00:00.0,1.65,0.00066,8.56759846,120.3662852332134,0.591676564,0.624638102,false
WQS1409,2014-09-26T13:00:00.0,1.58,0.00066,8.56759846,110.370025511917,0.604013269,0.624638102,false
WQS1409,2014-09-26T14:00:00.0,1.6,0.00066,8.56759846,113.18188804298491,0.61431189,0.624638102,false
WQS1409,2014-09-26T15:00:00.0,1.33,0.00066,8.56759846,78.20603193720156,0.626924194,0.624638102,false
WQS1409,2014-09-26T16:00:00.0,1.45,0.00066,8.56759846,92.95504672280302,0.634416512,0.624638102,false
WQS1409,2014-09-26T17:00:00.0,1.31,0.00066,8.56759846,75.871655496315,0.63760175,0.624638102,false
WQS1409,2014-09-26T18:00:00.0,1.26,0.00066,8.56759846,70.19045525665736,0.635780186,0.624638102,false
WQS1409,2014-09-26T19:00:00.0,1.45,0.00066,8.56759846,92.95504672280302,0.630078944,0.624638102,false
WQS1409,2014-09-26T20:00:00.0,1.24,0.00066,8.56759846,67.9798715058178,0.613956031,0.624638102,false
WQS1409,2014-09-26T21:00:00.0,1.22,0.00066,8.56759846,65.80465709499168,0.590837309,0.624638102,false
WQS1409,2014-09-26T22:00:00.0,1.32,0.00066,8.56759846,77.0344225492566,0.613630208,0.624638102,false
WQS1409,2014-09-26T23:00:00.0,1.5,0.00066,8.56759846,99.47626878777969,0.618846561,0.624638102,false
WQS1409,2014-09-27T00:00:00.0,1.24,0.00066,8.56759846,67.9798715058178,0.62369851,0.624638102,false
WQS1409,2014-09-27T01:00:00.0,1.33,0.00066,8.56759846,78.20603193720156,0.627024982,0.624638102,false
WQS1409,2014-09-27T02:00:00.0,1.51,0.00066,8.56759846,100.8070402057851,0.633187331,0.624638102,false
WQS1409,2014-09-27T03:00:00.0,1.29,0.00066,8.56759846,73.57264839544186,0.637278125,0.624638102,false
WQS1409,2014-09-27T04:00:00.0,1.22,0.00066,8.56759846,65.80465709499168,0.635510924,0.624638102,false
WQS1409,2014-09-27T05:00:00.0,1.25,0.00066,8.56759846,69.08074221373589,0.637254198,0.624638102,false
WQS1409,2014-09-27T06:00:00.0,1.21,0.00066,8.56759846,64.73031339208366,0.632280501,0.624638102,false
WQS1409,2014-09-27T07:00:00.0,1.01,0.00066,8.56759846,45.10032968462847,0.625179987,0.624638102,false
WQS1409,2014-09-27T08:00:00.0,1.06,0.00066,8.56759846,49.676238048866345,0.627624503,0.624638102,false
WQS1409,2014-09-27T09:00:00.0,1.05,0.00066,8.56759846,48.74337170601205,0.627141601,0.624638102,false
WQS1409,2014-09-27T10:00:00.0,1.04,0.00066,8.56759846,47.819347698161124,0.623310875,0.624638102,false
WQS1409,2014-09-27T11:00:00.0,1.03,0.00066,8.56759846,46.90416602531354,0.620579768,0.624638102,false
WQS1409,2014-09-27T12:00:00.0,1.13,0.00066,8.56759846,56.45388782894038,0.622016341,0.624638102,false
WQS1409,2014-09-27T13:00:00.0,1.15,0.00066,8.56759846,58.46994020970605,0.631592596,0.624638102,false
WQS1409,2014-09-27T14:00:00.0,1.25,0.00066,8.56759846,69.08074221373589,0.635981209,0.624638102,false
WQS1409,2014-09-27T15:00:00.0,1.22,0.00066,8.56759846,65.80465709499168,0.635774895,0.624638102,false
WQS1409,2014-09-27T16:00:00.0,1.08,0.00066,8.56759846,51.56849773958499,0.633936772,0.624638102,false
WQS1409,2014-09-27T17:00:00.0,1.05,0.00066,8.56759846,48.74337170601205,0.635708386,0.624638102,false
WQS1409,2014-09-27T18:00:00.0,1.17,0.00066,8.56759846,60.52136193048515,0.630099759,0.624638102,false
WQS1409,2014-09-27T19:00:00.0,1.25,0.00066,8.56759846,69.08074221373589,0.626695421,0.624638102,false
WQS1409,2014-09-27T20:00:00.0,1.05,0.00066,8.56759846,48.74337170601205,0.624096217,0.624638102,false
WQS1409,2014-09-27T21:00:00.0,1.18,0.00066,8.56759846,61.56033629337974,0.618444275,0.624638102,false
WQS1409,2014-09-27T22:00:00.0,1.06,0.00066,8.56759846,49.676238048866345,0.601350391,0.624638102,false
WQS1409,2014-09-27T23:00:00.0,1.1,0.00066,8.56759846,53.49612677031708,0.596254517,0.624638102,false
WQS1409,2014-09-28T00:00:00.0,0.98,0.00066,8.56759846,42.460892686126044,0.587121266,0.624638102,false
WQS1409,2014-09-28T01:00:00.0,0.99,0.00066,8.56759846,43.33186268395683,0.567385119,0.624638102,false
WQS1409,2014-09-28T02:00:00.0,0.91,0.00066,8.56759846,36.61168808140461,0.54811568,0.624638102,false
WQS1409,2014-09-28T03:00:00.0,1.01,0.00066,8.56759846,45.10032968462847,0.531991766,0.46303790350000007,true
WQS1409,2014-09-28T04:00:00.0,0.97,0.00066,8.56759846,41.598765023298625,0.517070044,0.46303790350000007,false
WQS1409,2014-09-28T05:00:00.0,0.91,0.00066,8.56759846,36.61168808140461,0.513015023,0.46303790350000007,false
WQS1409,2014-09-28T06:00:00.0,1.05,0.00066,8.56759846,48.74337170601205,0.499988615,0.46303790350000007,false
WQS1409,2014-09-28T07:00:00.0,0.92,0.00066,8.56759846,37.42076173421188,0.505245753,0.46303790350000007,false
WQS1409,2014-09-28T08:00:00.0,0.95,0.00066,8.56759846,39.90103670265385,0.500514609,0.46303790350000007,false
WQS1409,2014-09-28T09:00:00.0,0.95,0.00066,8.56759846,39.90103670265385,0.500863703,0.46303790350000007,false
WQS1409,2014-09-28T10:00:00.0,0.97,0.00066,8.56759846,41.598765023298625,0.494267341,0.46303790350000007,false
WQS1409,2014-09-28T11:00:00.0,0.84,0.00066,8.56759846,31.195757891847705,0.491378931,0.46303790350000007,false
WQS1409,2014-09-28T12:00:00.0,0.96,0.00066,8.56759846,40.74547969547456,0.48044209,0.46303790350000007,false
WQS1409,2014-09-28T13:00:00.0,0.93,0.00066,8.56759846,38.238677722022516,0.476754979,0.46303790350000007,false
WQS1409,2014-09-28T14:00:00.0,0.99,0.00066,8.56759846,43.33186268395683,0.468770323,0.46303790350000007,false
WQS1409,2014-09-28T15:00:00.0,0.87,0.00066,8.56759846,33.46381682020909,0.466290729,0.46303790350000007,false
WQS1409,2014-09-28T16:00:00.0,0.97,0.00066,8.56759846,41.598765023298625,0.465242839,0.46303790350000007,false
WQS1409,2014-09-28T17:00:00.0,0.88,0.00066,8.56759846,34.23752113300293,0.464169896,0.46303790350000007,false
WQS1409,2014-09-28T18:00:00.0,0.81,0.00066,8.56759846,29.007279978516564,0.463468526,0.46303790350000007,false
WQS1409,2014-09-28T19:00:00.0,0.78,0.00066,8.56759846,26.89838308021563,0.465171397,0.46303790350000007,false
WQS1409,2014-09-28T20:00:00.0,0.99,0.00066,8.56759846,43.33186268395683,0.46423781,0.46303790350000007,false
WQS1409,2014-09-28T21:00:00.0,0.86,0.00066,8.56759846,32.6989548424186,0.466076593,0.46303790350000007,false
WQS1409,2014-09-28T22:00:00.0,0.78,0.00066,8.56759846,26.89838308021563,0.470392318,0.46303790350000007,false
WQS1409,2014-09-28T23:00:00.0,0.83,0.00066,8.56759846,30.457422919067298,0.463790484,0.46303790350000007,false
WQS1409,2014-09-29T00:00:00.0,0.73,0.00066,8.56759846,23.560401616447905,0.466291652,0.46303790350000007,false
WQS1409,2014-09-29T01:00:00.0,0.74,0.00066,8.56759846,24.210313239194736,0.463104151,0.46303790350000007,false
WQS1409,2014-09-29T02:00:00.0,0.84,0.00066,8.56759846,31.195757891847705,0.462971656,0.46303790350000007,false
WQS1409,2014-09-29T03:00:00.0,0.69,0.00066,8.56759846,21.049178475494177,0.460096725,0.46303790350000007,false
WQS1409,2014-09-29T04:00:00.0,0.81,0.00066,8.56759846,29.007279978516564,0.46102719,0.46303790350000007,false
WQS1409,2014-09-29T05:00:00.0,0.77,0.00066,8.56759846,26.213102117455367,0.456577864,0.46303790350000007,false
WQS1409,2014-09-29T06:00:00.0,0.68,0.00066,8.56759846,20.44347852776415,0.460739022,0.46303790350000007,false
WQS1409,2014-09-29T07:00:00.0,0.69,0.00066,8.56759846,21.049178475494177,0.456803417,0.46303790350000007,false
WQS1409,2014-09-29T08:00:00.0,0.63,0.00066,8.56759846,17.54761381416434,0.459742643,0.46303790350000007,false
WQS1409,2014-09-29T09:00:00.0,0.66,0.00066,8.56759846,19.25860563731415,0.45634157,0.46303790350000007,false
WQS1409,2014-09-29T10:00:00.0,0.71,0.00066,8.56759846,22.28710537596433,0.456456765,0.46303790350000007,false
WQS1409,2014-09-29T11:00:00.0,0.73,0.00066,8.56759846,23.560401616447905,0.454069464,0.46303790350000007,false
WQS1409,2014-09-29T12:00:00.0,0.73,0.00066,8.56759846,23.560401616447905,0.45336897,0.46303790350000007,false
WQS1409,2014-09-29T13:00:00.0,0.65,0.00066,8.56759846,18.679432694594187,0.453526561,0.46303790350000007,false
WQS1409,2014-09-29T14:00:00.0,0.67,0.00066,8.56759846,19.84662091503747,0.451382499,0.46303790350000007,false
WQS1409,2014-09-29T15:00:00.0,0.54,0.00066,8.56759846,12.892124434896248,0.449677749,0.46303790350000007,false
WQS1409,2014-09-29T16:00:00.0,0.58,0.00066,8.56759846,14.872807475648482,0.444956466,0.46303790350000007,false
WQS1409,2014-09-29T17:00:00.0,0.69,0.00066,8.56759846,21.049178475494177,0.445892393,0.46303790350000007,false
WQS1409,2014-09-29T18:00:00.0,0.49,0.00066,8.56759846,10.615223171531511,0.448924635,0.46303790350000007,false
WQS1409,2014-09-29T19:00:00.0,0.58,0.00066,8.56759846,14.872807475648482,0.438508929,0.46303790350000007,false
WQS1409,2014-09-29T20:00:00.0,0.75,0.00066,8.56759846,24.869067196944922,0.444782705,0.46303790350000007,false
WQS1409,2014-09-29T21:00:00.0,0.7,0.00066,8.56759846,21.663720758227573,0.443825814,0.46303790350000007,false
WQS1409,2014-09-29T22:00:00.0,0.48,0.00066,8.56759846,10.18636992386864,0.435341024,0.46303790350000007,false
WQS1409,2014-09-29T23:00:00.0,0.71,0.00066,8.56759846,22.28710537596433,0.430106404,0.46303790350000007,false
WQS1409,2014-09-30T00:00:00.0,0.53,0.00066,8.56759846,12.419059512216586,0.438670235,0.46303790350000007,false
WQS1409,2014-09-30T01:00:00.0,0.57,0.00066,8.56759846,14.364373212955385,0.43200327,0.40411105999999997,true
WQS1409,2014-09-30T02:00:00.0,0.61,0.00066,8.56759846,16.45116427374792,0.426866203,0.40411105999999997,false
WQS1409,2014-09-30T03:00:00.0,0.58,0.00066,8.56759846,14.872807475648482,0.429259393,0.40411105999999997,false
WQS1409,2014-09-30T04:00:00.0,0.66,0.00066,8.56759846,19.25860563731415,0.426157131,0.40411105999999997,false
WQS1409,2014-09-30T05:00:00.0,0.54,0.00066,8.56759846,12.892124434896248,0.422833559,0.40411105999999997,false
WQS1409,2014-09-30T06:00:00.0,0.62,0.00066,8.56759846,16.99496787645445,0.421249983,0.40411105999999997,false
WQS1409,2014-09-30T07:00:00.0,0.47,0.00066,8.56759846,9.766359011209126,0.422748885,0.40411105999999997,false
WQS1409,2014-09-30T08:00:00.0,0.52,0.00066,8.56759846,11.954836924540281,0.41455926,0.40411105999999997,false
WQS1409,2014-09-30T09:00:00.0,0.51,0.00066,8.56759846,11.499456671867332,0.410428989,0.40411105999999997,false
WQS1409,2014-09-30T10:00:00.0,0.44,0.00066,8.56759846,8.559380283250732,0.40702316,0.40411105999999997,false
WQS1409,2014-09-30T11:00:00.0,0.49,0.00066,8.56759846,10.615223171531511,0.410823842,0.40411105999999997,false
WQS1409,2014-09-30T12:00:00.0,0.52,0.00066,8.56759846,11.954836924540281,0.404884908,0.40411105999999997,false
WQS1409,2014-09-30T13:00:00.0,0.57,0.00066,8.56759846,14.364373212955385,0.40411106,0.40411105999999997,false
WQS1409,2014-09-30T14:00:00.0,0.39,0.00066,8.56759846,6.724595770053908,0.404264486,0.40411105999999997,false
WQS1409,2014-09-30T15:00:00.0,0.55,0.00066,8.56759846,13.37403169257927,0.402021662,0.40411105999999997,false
WQS1409,2014-09-30T16:00:00.0,0.55,0.00066,8.56759846,13.37403169257927,0.403442282,0.40411105999999997,false
WQS1409,2014-09-30T17:00:00.0,0.48,0.00066,8.56759846,10.18636992386864,0.399841948,0.40411105999999997,false
WQS1409,2014-09-30T18:00:00.0,0.51,0.00066,8.56759846,11.499456671867332,0.400511518,0.40411105999999997,false
WQS1409,2014-09-30T19:00:00.0,0.59,0.00066,8.56759846,15.390084073344935,0.400364105,0.40411105999999997,false
WQS1409,2014-09-30T20:00:00.0,0.59,0.00066,8.56759846,15.390084073344935,0.398161137,0.40411105999999997,false
WQS1409,2014-09-30T21:00:00.0,0.49,0.00066,8.56759846,10.615223171531511,0.399589025,0.40411105999999997,false
WQS1409,2014-09-30T22:00:00.0,0.59,0.00066,8.56759846,15.390084073344935,0.397551794,0.40411105999999997,false
WQS1409,2014-09-30T23:00:00.0,0.57,0.00066,8.56759846,14.364373212955385,0.399943278,0.40411105999999997,false
WQS1409,2014-10-01T00:00:00.0,0.63,0.00066,8.56759846,17.54761381416434,0.402658859,0.40411105999999997,false
WQS1409,2014-10-01T01:00:00.0,0.7,0.00066,8.56759846,21.663720758227573,0.400367117,0.40411105999999997,false
WQS1409,2014-10-01T02:00:00.0,0.59,0.00066,8.56759846,15.390084073344935,0.400666691,0.40411105999999997,false
WQS1409,2014-10-01T03:00:00.0,0.67,0.00066,8.56759846,19.84662091503747,0.39172918,0.40411105999999997,false
WQS1409,2014-10-01T04:00:00.0,0.6,0.00066,8.56759846,15.91620300604475,0.387891935,0.40411105999999997,false
WQS1409,2014-10-01T05:00:00.0,0.7,0.00066,8.56759846,21.663720758227573,0.372189002,0.40411105999999997,false
WQS1409,2014-10-01T06:00:00.0,0.71,0.00066,8.56759846,22.28710537596433,0.366923228,0.40411105999999997,false
WQS1409,2014-10-01T07:00:00.0,0.65,0.00066,8.56759846,18.679432694594187,0.358785343,0.40411105999999997,false
WQS1409,2014-10-01T08:00:00.0,0.67,0.00066,8.56759846,19.84662091503747,0.34731504,0.40411105999999997,false
WQS1409,2014-10-01T09:00:00.0,0.66,0.00066,8.56759846,19.25860563731415,0.346205618,0.40411105999999997,false
WQS1409,2014-10-01T10:00:00.0,0.72,0.00066,8.56759846,22.91933232870444,0.354488439,0.40411105999999997,false
WQS1409,2014-10-01T11:00:00.0,0.69,0.00066,8.56759846,21.049178475494177,0.34730239,0.40411105999999997,false
WQS1409,2014-10-01T12:00:00.0,0.81,0.00066,8.56759846,29.007279978516564,0.342374992,0.40411105999999997,false
WQS1409,2014-10-01T13:00:00.0,0.86,0.00066,8.56759846,32.6989548424186,0.314135919,0.40411105999999997,false
WQS1409,2014-10-01T14:00:00.0,0.87,0.00066,8.56759846,33.46381682020909,0.30750643,0.40411105999999997,false
WQS1409,2014-10-01T15:00:00.0,0.88,0.00066,8.56759846,34.23752113300293,0.299921696,0.40411105999999997,false
WQS1409,2014-10-01T16:00:00.0,1.19,0.00066,8.56759846,62.60815299127769,0.291177719,0.40411105999999997,false
WQS1409,2014-10-01T17:00:00.0,1.04,0.00066,8.56759846,47.819347698161124,0.285585737,0.40411105999999997,false
WQS1409,2014-10-01T18:00:00.0,1.27,0.00066,8.56759846,71.30901063458217,0.29463422,0.40411105999999997,false
WQS1409,2014-10-01T19:00:00.0,1.26,0.00066,8.56759846,70.19045525665736,0.31804517,0.40411105999999997,false
WQS1409,2014-10-01T20:00:00.0,1.31,0.00066,8.56759846,75.871655496315,0.33709805,0.40411105999999997,false
WQS1409,2014-10-01T21:00:00.0,1.12,0.00066,8.56759846,55.4591251410626,0.348975586,0.40411105999999997,false
WQS1409,2014-10-01T22:00:00.0,0.97,0.00066,8.56759846,41.598765023298625,0.362053898,0.40411105999999997,false
WQS1409,2014-10-01T23:00:00.0,1.19,0.00066,8.56759846,62.60815299127769,0.373863587,0.40411105999999997,false
WQS1409,2014-10-02T00:00:00.0,0.99,0.00066,8.56759846,43.33186268395683,0.375982061,0.40411105999999997,false
WQS1409,2014-10-02T01:00:00.0,0.95,0.00066,8.56759846,39.90103670265385,0.383204939,0.40411105999999997,false
WQS1409,2014-10-02T02:00:00.0,1.16,0.00066,8.56759846,59.49122990259393,0.391225616,0.40411105999999997,false
WQS1409,2014-10-02T03:00:00.0,1.09,0.00066,8.56759846,52.52789108744936,0.397818454,0.40411105999999997,false
WQS1409,2014-10-02T04:00:00.0,0.96,0.00066,8.56759846,40.74547969547456,0.408491792,0.40411105999999997,false
WQS1409,2014-10-02T05:00:00.0,1.14,0.00066,8.56759846,57.45749285182154,0.411149977,0.40411105999999997,false
WQS1409,2014-10-02T06:00:00.0,1.19,0.00066,8.56759846,62.60815299127769,0.417662122,0.40411105999999997,false
WQS1409,2014-10-02T07:00:00.0,1.25,0.00066,8.56759846,69.08074221373589,0.421971001,0.40411105999999997,false
WQS1409,2014-10-02T08:00:00.0,1.25,0.00066,8.56759846,69.08074221373589,0.430648896,0.40411105999999997,false
WQS1409,2014-10-02T09:00:00.0,1.1,0.00066,8.56759846,53.49612677031708,0.437311872,0.40411105999999997,false
WQS1409,2014-10-02T10:00:00.0,0.99,0.00066,8.56759846,43.33186268395683,0.432790946,0.40411105999999997,false
WQS1409,2014-10-02T11:00:00.0,1.2,0.00066,8.56759846,63.664812024179,0.43152469,0.40411105999999997,false
WQS1409,2014-10-02T12:00:00.0,1.03,0.00066,8.56759846,46.90416602531354,0.422102786,0.40411105999999997,false
WQS1409,2014-10-02T13:00:00.0,0.95,0.00066,8.56759846,39.90103670265385,0.409333453,0.40411105999999997,false
WQS1409,2014-10-02T14:00:00.0,1.09,0.00066,8.56759846,52.52789108744936,0.418774122,0.40411105999999997,false
WQS1409,2014-10-02T15:00:00.0,1.13,0.00066,8.56759846,56.45388782894038,0.42911007,0.40411105999999997,false
WQS1409,2014-10-02T16:00:00.0,1.16,0.00066,8.56759846,59.49122990259393,0.44091338,0.40411105999999997,false
WQS1409,2014-10-02T17:00:00.0,1.11,0.00066,8.56759846,54.47320478818816,0.445421961,0.40411105999999997,false
WQS1409,2014-10-02T18:00:00.0,1.16,0.00066,8.56759846,59.49122990259393,0.453071718,0.40411105999999997,false
WQS1409,2014-10-02T19:00:00.0,1.13,0.00066,8.56759846,56.45388782894038,0.452729549,0.40411105999999997,false
WQS1409,2014-10-02T20:00:00.0,1.25,0.00066,8.56759846,69.08074221373589,0.45451091,0.40411105999999997,false
WQS1409,2014-10-02T21:00:00.0,1.22,0.00066,8.56759846,65.80465709499168,0.455587551,0.40411105999999997,false
WQS1409,2014-10-02T22:00:00.0,1.07,0.00066,8.56759846,50.617946726723986,0.451678041,0.40411105999999997,false
WQS1409,2014-10-02T23:00:00.0,1.22,0.00066,8.56759846,65.80465709499168,0.454237552,0.40411105999999997,false
WQS1409,2014-10-03T00:00:00.0,1.1,0.00066,8.56759846,53.49612677031708,0.443689347,0.40411105999999997,false
WQS1409,2014-10-03T01:00:00.0,1.31,0.00066,8.56759846,75.871655496315,0.43995413,0.40411105999999997,false
WQS1409,2014-10-03T02:00:00.0,1.38,0.00066,8.56759846,84.19671390197671,0.431359183,0.40411105999999997,false
WQS1409,2014-10-03T03:00:00.0,1.41,0.00066,8.56759846,87.89723110088212,0.47157499,0.40411105999999997,false
WQS1409,2014-10-03T04:00:00.0,1.22,0.00066,8.56759846,65.80465709499168,0.514131408,0.557999868,true
WQS1409,2014-10-03T05:00:00.0,1.43,0.00066,8.56759846,90.40845424183584,0.504545867,0.557999868,false
WQS1409,2014-10-03T06:00:00.0,1.66,0.00066,8.56759846,121.82969167626919,0.552924251,0.557999868,false
WQS1409,2014-10-03T07:00:00.0,1.46,0.00066,8.56759846,94.24160646579162,0.525562305,0.557999868,false
WQS1409,2014-10-03T08:00:00.0,1.7,0.00066,8.56759846,127.7717407985259,0.53154361,0.557999868,false
WQS1409,2014-10-03T09:00:00.0,1.73,0.00066,8.56759846,132.3211221577537,0.563075485,0.557999868,false
WQS1409,2014-10-03T10:00:00.0,1.65,0.00066,8.56759846,120.3662852332134,0.590250633,0.557999868,false
WQS1409,2014-10-03T11:00:00.0,1.51,0.00066,8.56759846,100.8070402057851,0.596947855,0.557999868,false
WQS1409,2014-10-03T12:00:00.0,1.67,0.00066,8.56759846,123.30194045432835,0.599854881,0.557999868,false
WQS1409,2014-10-03T13:00:00.0,1.32,0.00066,8.56759846,77.0344225492566,0.664192412,0.557999868,false
WQS1409,2014-10-03T14:00:00.0,1.41,0.00066,8.56759846,87.89723110088212,0.689938113,0.7880964069999999,true
WQS1409,2014-10-03T15:00:00.0,1.37,0.00066,8.56759846,82.98089283901498,0.706083655,0.7880964069999999,false
WQS1409,2014-10-03T16:00:00.0,1.44,0.00066,8.56759846,91.67732931481775,0.721528124,0.7880964069999999,false
WQS1409,2014-10-03T17:00:00.0,1.64,0.00066,8.56759846,118.91172112516098,0.742060479,0.7880964069999999,false
WQS1409,2014-10-03T18:00:00.0,1.4,0.00066,8.56759846,86.65488303291029,0.744663773,0.7880964069999999,false
WQS1409,2014-10-03T19:00:00.0,1.74,0.00066,8.56759846,133.85526728083636,0.733930521,0.7880964069999999,false
WQS1409,2014-10-03T20:00:00.0,1.52,0.00066,8.56759846,102.14665395879386,0.748070989,0.7880964069999999,false
WQS1409,2014-10-03T21:00:00.0,1.48,0.00066,8.56759846,96.84125295677894,0.776869535,0.7880964069999999,false
WQS1409,2014-10-03T22:00:00.0,1.46,0.00066,8.56759846,94.24160646579162,0.80079125,0.7880964069999999,false
WQS1409,2014-10-03T23:00:00.0,1.33,0.00066,8.56759846,78.20603193720156,0.802677333,0.7880964069999999,false
WQS1409,2014-10-04T00:00:00.0,1.2,0.00066,8.56759846,63.664812024179,0.809424017,0.7880964069999999,false
WQS1409,2014-10-04T01:00:00.0,1.39,0.00066,8.56759846,85.42137729994182,0.787378045,0.7880964069999999,false
WQS1409,2014-10-04T02:00:00.0,1.38,0.00066,8.56759846,84.19671390197671,0.759948214,0.7880964069999999,false
WQS1409,2014-10-04T03:00:00.0,1.14,0.00066,8.56759846,57.45749285182154,0.752223599,0.7880964069999999,false
WQS1409,2014-10-04T04:00:00.0,1.36,0.00066,8.56759846,81.7739141110566,0.796943891,0.7880964069999999,false
WQS1409,2014-10-04T05:00:00.0,1.23,0.00066,8.56759846,66.88784313290306,0.805329285,0.7880964069999999,false
WQS1409,2014-10-04T06:00:00.0,1.26,0.00066,8.56759846,70.19045525665736,0.803270654,0.7880964069999999,false
WQS1409,2014-10-04T07:00:00.0,1.49,0.00066,8.56759846,98.15433970477764,0.805871887,0.7880964069999999,false
WQS1409,2014-10-04T08:00:00.0,1.63,0.00066,8.56759846,117.46599935211192,0.815772117,0.7880964069999999,false
WQS1409,2014-10-04T09:00:00.0,1.56,0.00066,8.56759846,107.59353232086252,0.824769915,0.7880964069999999,false
WQS1409,2014-10-04T10:00:00.0,1.74,0.00066,8.56759846,133.85526728083636,0.820896962,0.7880964069999999,false
WQS1409,2014-10-04T11:00:00.0,1.57,0.00066,8.56759846,108.97735774888807,0.810854325,0.7880964069999999,false
WQS1409,2014-10-04T12:00:00.0,1.29,0.00066,8.56759846,73.57264839544186,0.81554176,0.7880964069999999,false
WQS1409,2014-10-04T13:00:00.0,1.29,0.00066,8.56759846,73.57264839544186,0.812720567,0.7880964069999999,false
WQS1409,2014-10-04T14:00:00.0,1.24,0.00066,8.56759846,67.9798715058178,0.801649622,0.7880964069999999,false
WQS1409,2014-10-04T15:00:00.0,1.16,0.00066,8.56759846,59.49122990259393,0.793800294,0.7880964069999999,false
WQS1409,2014-10-04T16:00:00.0,1.01,0.00066,8.56759846,45.10032968462847,0.815742264,0.7880964069999999,false
WQS1409,2014-10-04T17:00:00.0,1.27,0.00066,8.56759846,71.30901063458217,0.804679942,0.7880964069999999,false
WQS1409,2014-10-04T18:00:00.0,1.08,0.00066,8.56759846,51.56849773958499,0.800638094,0.7880964069999999,false
WQS1409,2014-10-04T19:00:00.0,1.44,0.00066,8.56759846,91.67732931481775,0.787576415,0.7880964069999999,false
WQS1409,2014-10-04T20:00:00.0,1.23,0.00066,8.56759846,66.88784313290306,0.788616399,0.7880964069999999,false
WQS1409,2014-10-04T21:00:00.0,1.42,0.00066,8.56759846,89.14842150385732,0.760824386,0.7880964069999999,false
WQS1409,2014-10-04T22:00:00.0,1.22,0.00066,8.56759846,65.80465709499168,0.756782153,0.7880964069999999,false
WQS1409,2014-10-04T23:00:00.0,1.18,0.00066,8.56759846,61.56033629337974,0.754316231,0.7880964069999999,false
WQS1409,2014-10-05T00:00:00.0,1.25,0.00066,8.56759846,69.08074221373589,0.753926829,0.7880964069999999,false
WQS1409,2014-10-05T01:00:00.0,1.02,0.00066,8.56759846,45.99782668746933,0.75765202,0.7880964069999999,false
WQS1409,2014-10-05T02:00:00.0,1.24,0.00066,8.56759846,67.9798715058178,0.740908078,0.7880964069999999,false
WQS1409,2014-10-05T03:00:00.0,1.07,0.00066,8.56759846,50.617946726723986,0.727980777,0.7880964069999999,false
WQS1409,2014-10-05T04:00:00.0,1.2,0.00066,8.56759846,63.664812024179,0.687511594,0.6088411,true
WQS1409,2014-10-05T05:00:00.0,1.11,0.00066,8.56759846,54.47320478818816,0.659505831,0.6088411,false
WQS1409,2014-10-05T06:00:00.0,1.24,0.00066,8.56759846,67.9798715058178,0.607578352,0.6088411,false
WQS1409,2014-10-05T07:00:00.0,0.96,0.00066,8.56759846,40.74547969547456,0.560773662,0.6088411,false
WQS1409,2014-10-05T08:00:00.0,1.3,0.00066,8.56759846,74.71773077837675,0.5518585,0.6088411,false
WQS1409,2014-10-05T09:00:00.0,1.08,0.00066,8.56759846,51.56849773958499,0.558445722,0.6088411,false
WQS1409,2014-10-05T10:00:00.0,1.0,0.00066,8.56759846,44.21167501679097,0.567421443,0.6088411,false
WQS1409,2014-10-05T11:00:00.0,0.93,0.00066,8.56759846,38.238677722022516,0.588098499,0.6088411,false
WQS1409,2014-10-05T12:00:00.0,1.06,0.00066,8.56759846,49.676238048866345,0.599001012,0.6088411,false
WQS1409,2014-10-05T13:00:00.0,0.83,0.00066,8.56759846,30.457422919067298,0.599762946,0.6088411,false
WQS1409,2014-10-05T14:00:00.0,0.86,0.00066,8.56759846,32.6989548424186,0.596091342,0.6088411,false
WQS1409,2014-10-05T15:00:00.0,0.93,0.00066,8.56759846,38.238677722022516,0.59618631,0.6088411,false
WQS1409,2014-10-05T16:00:00.0,0.79,0.00066,8.56759846,27.59250637797925,0.599326399,0.6088411,false
WQS1409,2014-10-05T17:00:00.0,0.8,0.00066,8.56759846,28.295472010746227,0.593784743,0.6088411,false
WQS1409,2014-10-05T18:00:00.0,0.72,0.00066,8.56759846,22.91933232870444,0.600319442,0.6088411,false
WQS1409,2014-10-05T19:00:00.0,0.79,0.00066,8.56759846,27.59250637797925,0.600834039,0.6088411,false
WQS1409,2014-10-05T20:00:00.0,0.72,0.00066,8.56759846,22.91933232870444,0.603729196,0.6088411,false
WQS1409,2014-10-05T21:00:00.0,0.86,0.00066,8.56759846,32.6989548424186,0.606745176,0.6088411,false
WQS1409,2014-10-05T22:00:00.0,0.77,0.00066,8.56759846,26.213102117455367,0.607893066,0.6088411,false
WQS1409,2014-10-05T23:00:00.0,0.9,0.00066,8.56759846,35.81145676360069,0.610106532,0.6088411,false
WQS1409,2014-10-06T00:00:00.0,0.76,0.00066,8.56759846,25.536663489698466,0.612204673,0.6088411,false
WQS1409,2014-10-06T01:00:00.0,0.77,0.00066,8.56759846,26.213102117455367,0.610898828,0.6088411,false
WQS1409,2014-10-06T02:00:00.0,0.8,0.00066,8.56759846,28.295472010746227,0.608145852,0.6088411,false
WQS1409,2014-10-06T03:00:00.0,0.87,0.00066,8.56759846,33.46381682020909,0.609397404,0.6088411,false
WQS1409,2014-10-06T04:00:00.0,0.96,0.00066,8.56759846,40.74547969547456,0.607968288,0.6088411,false
WQS1409,2014-10-06T05:00:00.0,0.93,0.00066,8.56759846,38.238677722022516,0.612079712,0.6088411,false
WQS1409,2014-10-06T06:00:00.0,0.95,0.00066,8.56759846,39.90103670265385,0.609729044,0.6088411,false
WQS1409,2014-10-06T07:00:00.0,0.9,0.00066,8.56759846,35.81145676360069,0.614257621,0.6088411,false
WQS1409,2014-10-06T08:00:00.0,0.88,0.00066,8.56759846,34.23752113300293,0.615004633,0.6088411,false
WQS1409,2014-10-06T09:00:00.0,0.96,0.00066,8.56759846,40.74547969547456,0.617593435,0.6088411,false
WQS1409,2014-10-06T10:00:00.0,0.97,0.00066,8.56759846,41.598765023298625,0.608310511,0.6088411,false
WQS1409,2014-10-06T11:00:00.0,1.01,0.00066,8.56759846,45.10032968462847,0.617960885,0.6088411,false
WQS1409,2014-10-06T12:00:00.0,1.03,0.00066,8.56759846,46.90416602531354,0.615830614,0.6088411,false
WQS1409,2014-10-06T13:00:00.0,0.9,0.00066,8.56759846,35.81145676360069,0.619151078,0.6088411,false
WQS1409,2014-10-06T14:00:00.0,0.84,0.00066,8.56759846,31.195757891847705,0.614614541,0.6088411,false
WQS1409,2014-10-06T15:00:00.0,0.8,0.00066,8.56759846,28.295472010746227,0.616798508,0.6088411,false
WQS1409,2014-10-06T16:00:00.0,0.92,0.00066,8.56759846,37.42076173421188,0.615399871,0.6088411,false
WQS1409,2014-10-06T17:00:00.0,0.99,0.00066,8.56759846,43.33186268395683,0.621543715,0.6088411,false
WQS1409,2014-10-06T18:00:00.0,1.0,0.00066,8.56759846,44.21167501679097,0.616688053,0.6088411,false
WQS1409,2014-10-06T19:00:00.0,1.07,0.00066,8.56759846,50.617946726723986,0.609041587,0.6088411,false
WQS1409,2014-10-06T20:00:00.0,1.18,0.00066,8.56759846,61.56033629337974,0.6088411,0.6088411,false
WQS1409,2014-10-06T21:00:00.0,1.09,0.00066,8.56759846,52.52789108744936,0.611784074,0.6088411,false
WQS1409,2014-10-06T22:00:00.0,1.19,0.00066,8.56759846,62.60815299127769,0.609582805,0.6088411,false
WQS1409,2014-10-06T23:00:00.0,1.36,0.00066,8.56759846,81.7739141110566,0.598065226,0.6088411,false
WQS1409,2014-10-07T00:00:00.0,1.28,0.00066,8.56759846,72.43640834751034,0.523112039,0.6088411,false
WQS1409,2014-10-07T01:00:00.0,1.34,0.00066,8.56759846,79.38648366014988,0.343729733,0.37282753350000003,true
WQS1409,2014-10-07T02:00:00.0,1.15,0.00066,8.56759846,58.46994020970605,0.2684031619999999,0.37282753350000003,false
WQS1409,2014-10-07T03:00:00.0,1.4,0.00066,8.56759846,86.65488303291029,0.314054869,0.37282753350000003,false
WQS1409,2014-10-07T04:00:00.0,1.36,0.00066,8.56759846,81.7739141110566,0.375312274,0.37282753350000003,false
WQS1409,2014-10-07T05:00:00.0,1.4,0.00066,8.56759846,86.65488303291029,0.401105633,0.37282753350000003,false
WQS1409,2014-10-07T06:00:00.0,1.3,0.00066,8.56759846,74.71773077837675,0.371958144,0.37282753350000003,false
WQS1409,2014-10-07T07:00:00.0,1.34,0.00066,8.56759846,79.38648366014988,0.33552644,0.37282753350000003,false
WQS1409,2014-10-07T08:00:00.0,1.15,0.00066,8.56759846,58.46994020970605,0.319952219,0.37282753350000003,false
WQS1409,2014-10-07T09:00:00.0,1.35,0.00066,8.56759846,80.57577771810156,0.359148287,0.37282753350000003,false
WQS1409,2014-10-07T10:00:00.0,1.48,0.00066,8.56759846,96.84125295677894,0.427190428,0.37282753350000003,false
WQS1409,2014-10-07T11:00:00.0,1.52,0.00066,8.56759846,102.14665395879386,0.435172033,0.37282753350000003,false
WQS1409,2014-10-07T12:00:00.0,1.43,0.00066,8.56759846,90.40845424183584,0.463151053,0.37282753350000003,false
WQS1409,2014-10-07T13:00:00.0,1.12,0.00066,8.56759846,55.4591251410626,0.461404859,0.37282753350000003,false
WQS1409,2014-10-07T14:00:00.0,0.92,0.00066,8.56759846,37.42076173421188,0.446233107,0.37282753350000003,false
WQS1409,2014-10-07T15:00:00.0,0.94,0.00066,8.56759846,39.0654360448365,0.428001821,0.37282753350000003,false
WQS1409,2014-10-07T16:00:00.0,0.89,0.00066,8.56759846,35.02006778080013,0.4085017,0.37282753350000003,false
WQS1409,2014-10-07T17:00:00.0,0.94,0.00066,8.56759846,39.0654360448365,0.403467529,0.37282753350000003,false
WQS1409,2014-10-07T18:00:00.0,0.97,0.00066,8.56759846,41.598765023298625,0.399108898,0.37282753350000003,false
WQS1409,2014-10-07T19:00:00.0,1.06,0.00066,8.56759846,49.676238048866345,0.39317125,0.37282753350000003,false
WQS1409,2014-10-07T20:00:00.0,1.12,0.00066,8.56759846,55.4591251410626,0.396855547,0.37282753350000003,false
WQS1409,2014-10-07T21:00:00.0,1.17,0.00066,8.56759846,60.52136193048515,0.386746363,0.37282753350000003,false
WQS1409,2014-10-07T22:00:00.0,0.87,0.00066,8.56759846,33.46381682020909,0.378895416,0.37282753350000003,false
WQS1409,2014-10-07T23:00:00.0,1.16,0.00066,8.56759846,59.49122990259393,0.373696923,0.37282753350000003,false
WQS1409,2014-10-08T00:00:00.0,1.29,0.00066,8.56759846,73.57264839544186,0.366806718,0.37282753350000003,false
WQS1409,2014-10-08T01:00:00.0,1.39,0.00066,8.56759846,85.42137729994182,0.339373832,0.37282753350000003,false
WQS1409,2014-10-08T02:00:00.0,1.53,0.00066,8.56759846,103.49511004680599,0.31317468,0.37282753350000003,false
WQS1409,2014-10-08T03:00:00.0,1.21,0.00066,8.56759846,64.73031339208366,0.308516853,0.37282753350000003,false
WQS1409,2014-10-08T04:00:00.0,1.13,0.00066,8.56759846,56.45388782894038,0.312604675,0.37282753350000003,false
WQS1409,2014-10-08T05:00:00.0,1.55,0.00066,8.56759846,106.21854922784033,0.34643486,0.37282753350000003,false
WQS1409,2014-10-08T06:00:00.0,1.39,0.00066,8.56759846,85.42137729994182,0.378161516,0.37282753350000003,false
WQS1409,2014-10-08T07:00:00.0,1.39,0.00066,8.56759846,85.42137729994182,0.364994906,0.37282753350000003,false
WQS1409,2014-10-08T08:00:00.0,1.3,0.00066,8.56759846,74.71773077837675,0.331835302,0.37282753350000003,false
WQS1409,2014-10-08T09:00:00.0,1.12,0.00066,8.56759846,55.4591251410626,0.35160214,0.37282753350000003,false
WQS1409,2014-10-08T10:00:00.0,1.23,0.00066,8.56759846,66.88784313290306,0.319632774,0.37282753350000003,false
WQS1409,2014-10-08T11:00:00.0,1.53,0.00066,8.56759846,103.49511004680599,0.357509719,0.37282753350000003,false
WQS1409,2014-10-08T12:00:00.0,1.47,0.00066,8.56759846,95.5370085437836,0.385092076,0.37282753350000003,false
WQS1409,2014-10-08T13:00:00.0,1.41,0.00066,8.56759846,87.89723110088212,0.447650728,0.426365267,true
WQS1409,2014-10-08T14:00:00.0,1.28,0.00066,8.56759846,72.43640834751034,0.460671688,0.426365267,false
WQS1409,2014-10-08T15:00:00.0,1.03,0.00066,8.56759846,46.90416602531354,0.469520298,0.426365267,false
WQS1409,2014-10-08T16:00:00.0,1.0,0.00066,8.56759846,44.21167501679097,0.454127295,0.426365267,false
WQS1409,2014-10-08T17:00:00.0,0.96,0.00066,8.56759846,40.74547969547456,0.441869695,0.426365267,false
WQS1409,2014-10-08T18:00:00.0,0.95,0.00066,8.56759846,39.90103670265385,0.43647634,0.426365267,false
WQS1409,2014-10-08T19:00:00.0,0.95,0.00066,8.56759846,39.90103670265385,0.44242049,0.426365267,false
WQS1409,2014-10-08T20:00:00.0,0.82,0.00066,8.56759846,29.727930281290245,0.441213539,0.426365267,false
WQS1409,2014-10-08T21:00:00.0,0.82,0.00066,8.56759846,29.727930281290245,0.437819777,0.426365267,false
WQS1409,2014-10-08T22:00:00.0,0.81,0.00066,8.56759846,29.007279978516564,0.43511142,0.426365267,false
WQS1409,2014-10-08T23:00:00.0,0.82,0.00066,8.56759846,29.727930281290245,0.430793121,0.426365267,false
WQS1409,2014-10-09T00:00:00.0,0.99,0.00066,8.56759846,43.33186268395683,0.429753475,0.426365267,false
WQS1409,2014-10-09T01:00:00.0,0.96,0.00066,8.56759846,40.74547969547456,0.427316343,0.426365267,false
WQS1409,2014-10-09T02:00:00.0,0.83,0.00066,8.56759846,30.457422919067298,0.426326008,0.426365267,false
WQS1409,2014-10-09T03:00:00.0,0.74,0.00066,8.56759846,24.210313239194736,0.427214399,0.426365267,false
WQS1409,2014-10-09T04:00:00.0,0.8,0.00066,8.56759846,28.295472010746227,0.426365267,0.426365267,false
WQS1409,2014-10-09T05:00:00.0,0.68,0.00066,8.56759846,20.44347852776415,0.423646889,0.426365267,false
WQS1409,2014-10-09T06:00:00.0,0.67,0.00066,8.56759846,19.84662091503747,0.425174312,0.426365267,false
WQS1409,2014-10-09T07:00:00.0,0.77,0.00066,8.56759846,26.213102117455367,0.424978731,0.426365267,false
WQS1409,2014-10-09T08:00:00.0,0.75,0.00066,8.56759846,24.869067196944922,0.422487468,0.426365267,false
WQS1409,2014-10-09T09:00:00.0,0.6,0.00066,8.56759846,15.91620300604475,0.42447323,0.426365267,false
WQS1409,2014-10-09T10:00:00.0,0.5,0.00066,8.56759846,11.052918754197743,0.423832536,0.426365267,false
WQS1409,2014-10-09T11:00:00.0,0.55,0.00066,8.56759846,13.37403169257927,0.420823741,0.426365267,false
WQS1409,2014-10-09T12:00:00.0,0.49,0.00066,8.56759846,10.615223171531511,0.421791236,0.426365267,false
WQS1409,2014-10-09T13:00:00.0,0.6,0.00066,8.56759846,15.91620300604475,0.420260141,0.426365267,false
WQS1409,2014-10-09T14:00:00.0,0.62,0.00066,8.56759846,16.99496787645445,0.428660517,0.426365267,false
WQS1409,2014-10-09T15:00:00.0,0.58,0.00066,8.56759846,14.872807475648482,0.424697738,0.426365267,false
WQS1409,2014-10-09T16:00:00.0,0.56,0.00066,8.56759846,13.86478128526565,0.424698912,0.426365267,false
WQS1409,2014-10-09T17:00:00.0,0.65,0.00066,8.56759846,18.679432694594187,0.422281891,0.426365267,false
WQS1409,2014-10-09T18:00:00.0,0.56,0.00066,8.56759846,13.86478128526565,0.423496681,0.426365267,false
WQS1409,2014-10-09T19:00:00.0,0.65,0.00066,8.56759846,18.679432694594187,0.426055998,0.426365267,false
WQS1409,2014-10-09T20:00:00.0,0.5,0.00066,8.56759846,11.052918754197743,0.420365464,0.426365267,false
WQS1409,2014-10-09T21:00:00.0,0.45,0.00066,8.56759846,8.952864190900172,0.420201844,0.426365267,false
WQS1409,2014-10-09T22:00:00.0,0.5,0.00066,8.56759846,11.052918754197743,0.424685326,0.426365267,false
WQS1409,2014-10-09T23:00:00.0,0.51,0.00066,8.56759846,11.499456671867332,0.42660859,0.426365267,false
WQS1409,2014-10-10T00:00:00.0,0.48,0.00066,8.56759846,10.18636992386864,0.423605261,0.426365267,false
WQS1409,2014-10-10T01:00:00.0,0.54,0.00066,8.56759846,12.892124434896248,0.423947275,0.426365267,false
WQS1409,2014-10-10T02:00:00.0,0.4,0.00066,8.56759846,7.073868002686557,0.425185941,0.426365267,false
WQS1409,2014-10-10T03:00:00.0,0.57,0.00066,8.56759846,14.364373212955385,0.425390744,0.426365267,false
WQS1409,2014-10-10T04:00:00.0,0.62,0.00066,8.56759846,16.99496787645445,0.428823165,0.426365267,false
WQS1409,2014-10-10T05:00:00.0,0.76,0.00066,8.56759846,25.536663489698466,0.422901338,0.426365267,false
WQS1409,2014-10-10T06:00:00.0,0.8,0.00066,8.56759846,28.295472010746227,0.429900484,0.426365267,false
WQS1409,2014-10-10T07:00:00.0,0.82,0.00066,8.56759846,29.727930281290245,0.427146617,0.426365267,false
WQS1409,2014-10-10T08:00:00.0,0.76,0.00066,8.56759846,25.536663489698466,0.427222131,0.426365267,false
WQS1409,2014-10-10T09:00:00.0,0.82,0.00066,8.56759846,29.727930281290245,0.427985962,0.426365267,false
WQS1409,2014-10-10T10:00:00.0,0.74,0.00066,8.56759846,24.210313239194736,0.429903028,0.426365267,false
WQS1409,2014-10-10T11:00:00.0,0.8,0.00066,8.56759846,28.295472010746227,0.429457865,0.426365267,false
WQS1409,2014-10-10T12:00:00.0,0.66,0.00066,8.56759846,19.25860563731415,0.429348503,0.426365267,false
WQS1409,2014-10-10T13:00:00.0,0.63,0.00066,8.56759846,17.54761381416434,0.421594555,0.426365267,false
